{
  "safe_name": "400_Public_Sans",
  "font_name": "Public Sans Regular",
  "family_name": "Public Sans",
  "family_names": {
    "1033": "Public Sans"
  },
  "preferred_family_names": {},
  "publishers": {},
  "designers": {},
  "weight": 400,
  "weights": [
    "Weight(400)"
  ],
  "path": "/Users/mugisus/Library/Application Support/FontCluster/Generated/019bf61b-37d4-70a1-ace5-b4aaded78fab/google_fonts/Public_Sans_Weight400.ttf",
  "font_index": 0,
  "computed": {
    "vector": [
      -3.9871438,
      0.6493108
    ],
    "k": 6
  }
}