{
  "safe_name": "400_IBM_Plex_Sans_Arabic",
  "font_name": "IBM Plex Sans Arabic Regular",
  "family_name": "IBM Plex Sans Arabic",
  "family_names": {
    "1033": "IBM Plex Sans Arabic"
  },
  "preferred_family_names": {},
  "publishers": {},
  "designers": {},
  "weight": 400,
  "weights": [
    "Weight(400)"
  ],
  "path": "/Users/mugisus/Library/Application Support/FontCluster/Generated/019bf61b-37d4-70a1-ace5-b4aaded78fab/google_fonts/IBM_Plex_Sans_Arabic_Weight400.ttf",
  "font_index": 0,
  "computed": {
    "vector": [
      -3.6758335,
      -0.28984475
    ],
    "k": 6
  }
}