{
  "safe_name": "400_Maven_Pro",
  "font_name": "Maven Pro Regular",
  "family_name": "Maven Pro",
  "family_names": {
    "1033": "Maven Pro"
  },
  "preferred_family_names": {},
  "publishers": {},
  "designers": {},
  "weight": 400,
  "weights": [
    "Weight(400)"
  ],
  "path": "/Users/mugisus/Library/Application Support/FontCluster/Generated/019bf61b-37d4-70a1-ace5-b4aaded78fab/google_fonts/Maven_Pro_Weight400.ttf",
  "font_index": 0,
  "computed": {
    "vector": [
      -3.2075887,
      1.394799
    ],
    "k": -1
  }
}