{
  "safe_name": "400_Satisfy",
  "font_name": "Satisfy Regular",
  "family_name": "Satisfy",
  "family_names": {
    "1033": "Satisfy"
  },
  "preferred_family_names": {},
  "publishers": {},
  "designers": {},
  "weight": 400,
  "weights": [
    "Weight(400)"
  ],
  "path": "/Users/mugisus/Library/Application Support/FontCluster/Generated/019bf61b-37d4-70a1-ace5-b4aaded78fab/google_fonts/Satisfy_Weight400.ttf",
  "font_index": 0,
  "computed": {
    "vector": [
      6.26938,
      0.18237966
    ],
    "k": 0
  }
}