{
  "safe_name": "400_Space_Mono",
  "font_name": "Space Mono Regular",
  "family_name": "Space Mono",
  "family_names": {
    "1033": "Space Mono"
  },
  "preferred_family_names": {},
  "publishers": {},
  "designers": {},
  "weight": 400,
  "weights": [
    "Weight(400)"
  ],
  "path": "/Users/mugisus/Library/Application Support/FontCluster/Generated/019bf61b-37d4-70a1-ace5-b4aaded78fab/google_fonts/Space_Mono_Weight400.ttf",
  "font_index": 0,
  "computed": {
    "vector": [
      -1.3869656,
      3.5170832
    ],
    "k": 3
  }
}