{
  "safe_name": "400_Zen_Kaku_Gothic_New",
  "font_name": "Zen Kaku Gothic New Regular",
  "family_name": "Zen Kaku Gothic New",
  "family_names": {
    "1033": "Zen Kaku Gothic New"
  },
  "preferred_family_names": {},
  "publishers": {},
  "designers": {},
  "weight": 400,
  "weights": [
    "Weight(400)"
  ],
  "path": "/Users/mugisus/Library/Application Support/FontCluster/Generated/019bf61b-37d4-70a1-ace5-b4aaded78fab/google_fonts/Zen_Kaku_Gothic_New_Weight400.ttf",
  "font_index": 0,
  "computed": {
    "vector": [
      -2.386318,
      1.8738313
    ],
    "k": -1
  }
}