{
  "safe_name": "400_Schibsted_Grotesk",
  "font_name": "Schibsted Grotesk Regular",
  "family_name": "Schibsted Grotesk",
  "family_names": {
    "1033": "Schibsted Grotesk"
  },
  "preferred_family_names": {},
  "publishers": {},
  "designers": {},
  "weight": 400,
  "weights": [
    "Weight(400)"
  ],
  "path": "/Users/mugisus/Library/Application Support/FontCluster/Generated/019bf61b-37d4-70a1-ace5-b4aaded78fab/google_fonts/Schibsted_Grotesk_Weight400.ttf",
  "font_index": 0,
  "computed": {
    "vector": [
      -4.9114065,
      0.33743036
    ],
    "k": 6
  }
}