{
  "safe_name": "400_League_Spartan",
  "font_name": "League Spartan Regular",
  "family_name": "League Spartan",
  "family_names": {
    "1033": "League Spartan"
  },
  "preferred_family_names": {},
  "publishers": {},
  "designers": {},
  "weight": 400,
  "weights": [
    "Weight(400)"
  ],
  "path": "/Users/mugisus/Library/Application Support/FontCluster/Generated/019bf61b-37d4-70a1-ace5-b4aaded78fab/google_fonts/League_Spartan_Weight400.ttf",
  "font_index": 0,
  "computed": {
    "vector": [
      4.844584,
      -1.9585941
    ],
    "k": 2
  }
}