{
  "safe_name": "400_Inconsolata",
  "font_name": "Inconsolata Regular",
  "family_name": "Inconsolata",
  "family_names": {
    "1033": "Inconsolata"
  },
  "preferred_family_names": {},
  "publishers": {},
  "designers": {},
  "weight": 400,
  "weights": [
    "Weight(400)"
  ],
  "path": "/Users/mugisus/Library/Application Support/FontCluster/Generated/019bf61b-37d4-70a1-ace5-b4aaded78fab/google_fonts/Inconsolata_Weight400.ttf",
  "font_index": 0,
  "computed": {
    "vector": [
      -1.3963326,
      3.677504
    ],
    "k": 3
  }
}