{
  "safe_name": "400_EB_Garamond",
  "font_name": "EB Garamond Regular",
  "family_name": "EB Garamond",
  "family_names": {
    "1033": "EB Garamond"
  },
  "preferred_family_names": {},
  "publishers": {},
  "designers": {},
  "weight": 400,
  "weights": [
    "Weight(400)"
  ],
  "path": "/Users/mugisus/Library/Application Support/FontCluster/Generated/019bf61b-37d4-70a1-ace5-b4aaded78fab/google_fonts/EB_Garamond_Weight400.ttf",
  "font_index": 0,
  "computed": {
    "vector": [
      4.8922524,
      -2.2144432
    ],
    "k": 2
  }
}