{
  "safe_name": "400_Merriweather_Sans",
  "font_name": "Merriweather Sans Regular",
  "family_name": "Merriweather Sans",
  "family_names": {
    "1033": "Merriweather Sans"
  },
  "preferred_family_names": {},
  "publishers": {},
  "designers": {},
  "weight": 400,
  "weights": [
    "Weight(400)"
  ],
  "path": "/Users/mugisus/Library/Application Support/FontCluster/Generated/019bf61b-37d4-70a1-ace5-b4aaded78fab/google_fonts/Merriweather_Sans_Weight400.ttf",
  "font_index": 0,
  "computed": {
    "vector": [
      -0.6047072,
      -1.5580109
    ],
    "k": 5
  }
}