{
  "safe_name": "400_Montserrat_Alternates",
  "font_name": "Montserrat Alternates Regular",
  "family_name": "Montserrat Alternates",
  "family_names": {
    "1033": "Montserrat Alternates"
  },
  "preferred_family_names": {},
  "publishers": {},
  "designers": {},
  "weight": 400,
  "weights": [
    "Weight(400)"
  ],
  "path": "/Users/mugisus/Library/Application Support/FontCluster/Generated/019bf61b-37d4-70a1-ace5-b4aaded78fab/google_fonts/Montserrat_Alternates_Weight400.ttf",
  "font_index": 0,
  "computed": {
    "vector": [
      -1.6570902,
      -1.4415768
    ],
    "k": -1
  }
}