{
  "safe_name": "400_Prompt",
  "font_name": "Prompt Regular",
  "family_name": "Prompt",
  "family_names": {
    "1033": "Prompt"
  },
  "preferred_family_names": {},
  "publishers": {},
  "designers": {},
  "weight": 400,
  "weights": [
    "Weight(400)"
  ],
  "path": "/Users/mugisus/Library/Application Support/FontCluster/Generated/019bf61b-37d4-70a1-ace5-b4aaded78fab/google_fonts/Prompt_Weight400.ttf",
  "font_index": 0,
  "computed": {
    "vector": [
      -0.54587954,
      0.5314485
    ],
    "k": -1
  }
}