{
  "safe_name": "400_Creepster",
  "font_name": "Creepster",
  "family_name": "Creepster",
  "family_names": {
    "1033": "Creepster"
  },
  "preferred_family_names": {},
  "publishers": {},
  "designers": {},
  "weight": 400,
  "weights": [
    "Weight(400)"
  ],
  "path": "/Users/mugisus/Library/Application Support/FontCluster/Generated/019bf61b-37d4-70a1-ace5-b4aaded78fab/google_fonts/Creepster_Weight400.ttf",
  "font_index": 0,
  "computed": {
    "vector": [
      2.2977057,
      2.9132857
    ],
    "k": -1
  }
}