{
  "safe_name": "400_Unna",
  "font_name": "Unna Regular",
  "family_name": "Unna",
  "family_names": {
    "1033": "Unna"
  },
  "preferred_family_names": {},
  "publishers": {},
  "designers": {},
  "weight": 400,
  "weights": [
    "Weight(400)"
  ],
  "path": "/Users/mugisus/Library/Application Support/FontCluster/Generated/019bf61b-37d4-70a1-ace5-b4aaded78fab/google_fonts/Unna_Weight400.ttf",
  "font_index": 0,
  "computed": {
    "vector": [
      4.814735,
      -1.9533267
    ],
    "k": 2
  }
}