{
  "safe_name": "400_Viga",
  "font_name": "Viga-Regular",
  "family_name": "Viga",
  "family_names": {
    "1033": "Viga"
  },
  "preferred_family_names": {},
  "publishers": {},
  "designers": {},
  "weight": 400,
  "weights": [
    "Weight(400)"
  ],
  "path": "/Users/mugisus/Library/Application Support/FontCluster/Generated/019bf61b-37d4-70a1-ace5-b4aaded78fab/google_fonts/Viga_Weight400.ttf",
  "font_index": 0,
  "computed": {
    "vector": [
      0.78595966,
      1.9652219
    ],
    "k": -1
  }
}