{
  "safe_name": "400_Merriweather",
  "font_name": "Merriweather Regular",
  "family_name": "Merriweather",
  "family_names": {
    "1033": "Merriweather"
  },
  "preferred_family_names": {},
  "publishers": {},
  "designers": {},
  "weight": 400,
  "weights": [
    "Weight(400)"
  ],
  "path": "/Users/mugisus/Library/Application Support/FontCluster/Generated/019bf61b-37d4-70a1-ace5-b4aaded78fab/google_fonts/Merriweather_Weight400.ttf",
  "font_index": 0,
  "computed": {
    "vector": [
      0.38602695,
      -1.6693097
    ],
    "k": 5
  }
}