{
  "safe_name": "400_Noto_Sans_Telugu",
  "font_name": "Noto Sans Telugu Regular",
  "family_name": "Noto Sans Telugu",
  "family_names": {
    "1033": "Noto Sans Telugu"
  },
  "preferred_family_names": {},
  "publishers": {},
  "designers": {},
  "weight": 400,
  "weights": [
    "Weight(400)"
  ],
  "path": "/Users/mugisus/Library/Application Support/FontCluster/Generated/019bf61b-37d4-70a1-ace5-b4aaded78fab/google_fonts/Noto_Sans_Telugu_Weight400.ttf",
  "font_index": 0,
  "computed": {
    "vector": [
      -3.964542,
      -2.398814
    ],
    "k": -1
  }
}