{
  "safe_name": "400_Encode_Sans",
  "font_name": "Encode Sans Regular",
  "family_name": "Encode Sans",
  "family_names": {
    "1033": "Encode Sans"
  },
  "preferred_family_names": {},
  "publishers": {},
  "designers": {},
  "weight": 400,
  "weights": [
    "Weight(400)"
  ],
  "path": "/Users/mugisus/Library/Application Support/FontCluster/Generated/019bf61b-37d4-70a1-ace5-b4aaded78fab/google_fonts/Encode_Sans_Weight400.ttf",
  "font_index": 0,
  "computed": {
    "vector": [
      -2.0288327,
      1.6099325
    ],
    "k": 7
  }
}