{
  "safe_name": "400_Inter",
  "font_name": "Inter Regular",
  "family_name": "Inter",
  "family_names": {
    "1033": "Inter"
  },
  "preferred_family_names": {},
  "publishers": {},
  "designers": {},
  "weight": 400,
  "weights": [
    "Weight(400)"
  ],
  "path": "/Users/mugisus/Library/Application Support/FontCluster/Generated/019bf61b-37d4-70a1-ace5-b4aaded78fab/google_fonts/Inter_Weight400.ttf",
  "font_index": 0,
  "computed": {
    "vector": [
      -5.1678224,
      0.67124
    ],
    "k": 6
  }
}