{
  "safe_name": "400_Allura",
  "font_name": "Allura Regular",
  "family_name": "Allura",
  "family_names": {
    "1033": "Allura"
  },
  "preferred_family_names": {},
  "publishers": {},
  "designers": {},
  "weight": 400,
  "weights": [
    "Weight(400)"
  ],
  "path": "/Users/mugisus/Library/Application Support/FontCluster/Generated/019bf61b-37d4-70a1-ace5-b4aaded78fab/google_fonts/Allura_Weight400.ttf",
  "font_index": 0,
  "computed": {
    "vector": [
      6.086211,
      -0.22819482
    ],
    "k": 0
  }
}