{
  "safe_name": "400_Anek_Telugu",
  "font_name": "Anek Telugu Regular",
  "family_name": "Anek Telugu",
  "family_names": {
    "1033": "Anek Telugu"
  },
  "preferred_family_names": {},
  "publishers": {},
  "designers": {},
  "weight": 400,
  "weights": [
    "Weight(400)"
  ],
  "path": "/Users/mugisus/Library/Application Support/FontCluster/Generated/019bf61b-37d4-70a1-ace5-b4aaded78fab/google_fonts/Anek_Telugu_Weight400.ttf",
  "font_index": 0,
  "computed": {
    "vector": [
      -1.3039957,
      1.5298
    ],
    "k": 7
  }
}