{
  "safe_name": "400_Courier_Prime",
  "font_name": "Courier Prime Regular",
  "family_name": "Courier Prime",
  "family_names": {
    "1033": "Courier Prime"
  },
  "preferred_family_names": {},
  "publishers": {},
  "designers": {},
  "weight": 400,
  "weights": [
    "Weight(400)"
  ],
  "path": "/Users/mugisus/Library/Application Support/FontCluster/Generated/019bf61b-37d4-70a1-ace5-b4aaded78fab/google_fonts/Courier_Prime_Weight400.ttf",
  "font_index": 0,
  "computed": {
    "vector": [
      -1.3710258,
      3.7942975
    ],
    "k": 3
  }
}