{
  "safe_name": "400_Roboto_Serif",
  "font_name": "Roboto Serif Regular",
  "family_name": "Roboto Serif",
  "family_names": {
    "1033": "Roboto Serif"
  },
  "preferred_family_names": {},
  "publishers": {},
  "designers": {},
  "weight": 400,
  "weights": [
    "Weight(400)"
  ],
  "path": "/Users/mugisus/Library/Application Support/FontCluster/Generated/019bf61b-37d4-70a1-ace5-b4aaded78fab/google_fonts/Roboto_Serif_Weight400.ttf",
  "font_index": 0,
  "computed": {
    "vector": [
      -0.33428648,
      -1.163268
    ],
    "k": 5
  }
}