{
  "safe_name": "400_Onest",
  "font_name": "Onest Regular",
  "family_name": "Onest",
  "family_names": {
    "1033": "Onest"
  },
  "preferred_family_names": {},
  "publishers": {},
  "designers": {},
  "weight": 400,
  "weights": [
    "Weight(400)"
  ],
  "path": "/Users/mugisus/Library/Application Support/FontCluster/Generated/019bf61b-37d4-70a1-ace5-b4aaded78fab/google_fonts/Onest_Weight400.ttf",
  "font_index": 0,
  "computed": {
    "vector": [
      -4.0116863,
      -0.6322484
    ],
    "k": 6
  }
}