{
  "safe_name": "400_Patrick_Hand",
  "font_name": "Patrick Hand",
  "family_name": "Patrick Hand",
  "family_names": {
    "1033": "Patrick Hand"
  },
  "preferred_family_names": {},
  "publishers": {},
  "designers": {},
  "weight": 400,
  "weights": [
    "Weight(400)"
  ],
  "path": "/Users/mugisus/Library/Application Support/FontCluster/Generated/019bf61b-37d4-70a1-ace5-b4aaded78fab/google_fonts/Patrick_Hand_Weight400.ttf",
  "font_index": 0,
  "computed": {
    "vector": [
      4.7099714,
      -1.7970135
    ],
    "k": 2
  }
}