{
  "safe_name": "400_Delius",
  "font_name": "Delius-Regular",
  "family_name": "Delius",
  "family_names": {
    "1033": "Delius"
  },
  "preferred_family_names": {},
  "publishers": {},
  "designers": {},
  "weight": 400,
  "weights": [
    "Weight(400)"
  ],
  "path": "/Users/mugisus/Library/Application Support/FontCluster/Generated/019bf61b-37d4-70a1-ace5-b4aaded78fab/google_fonts/Delius_Weight400.ttf",
  "font_index": 0,
  "computed": {
    "vector": [
      -0.38182783,
      -1.9836224
    ],
    "k": -1
  }
}