{
  "safe_name": "400_Karla",
  "font_name": "Karla Regular",
  "family_name": "Karla",
  "family_names": {
    "1033": "Karla"
  },
  "preferred_family_names": {},
  "publishers": {},
  "designers": {},
  "weight": 400,
  "weights": [
    "Weight(400)"
  ],
  "path": "/Users/mugisus/Library/Application Support/FontCluster/Generated/019bf61b-37d4-70a1-ace5-b4aaded78fab/google_fonts/Karla_Weight400.ttf",
  "font_index": 0,
  "computed": {
    "vector": [
      -1.707449,
      -0.880753
    ],
    "k": 6
  }
}