{
  "safe_name": "400_Chango",
  "font_name": "Chango Regular",
  "family_name": "Chango",
  "family_names": {
    "1033": "Chango"
  },
  "preferred_family_names": {},
  "publishers": {},
  "designers": {},
  "weight": 400,
  "weights": [
    "Weight(400)"
  ],
  "path": "/Users/mugisus/Library/Application Support/FontCluster/Generated/019bf61b-37d4-70a1-ace5-b4aaded78fab/google_fonts/Chango_Weight400.ttf",
  "font_index": 0,
  "computed": {
    "vector": [
      1.8408761,
      1.5881221
    ],
    "k": 4
  }
}