{
  "safe_name": "400_Syne",
  "font_name": "Syne Regular",
  "family_name": "Syne",
  "family_names": {
    "1033": "Syne"
  },
  "preferred_family_names": {},
  "publishers": {},
  "designers": {},
  "weight": 400,
  "weights": [
    "Weight(400)"
  ],
  "path": "/Users/mugisus/Library/Application Support/FontCluster/Generated/019bf61b-37d4-70a1-ace5-b4aaded78fab/google_fonts/Syne_Weight400.ttf",
  "font_index": 0,
  "computed": {
    "vector": [
      -4.8250103,
      0.30716118
    ],
    "k": 6
  }
}