{
  "safe_name": "400_Macondo",
  "font_name": "Macondo",
  "family_name": "Macondo",
  "family_names": {
    "1033": "Macondo"
  },
  "preferred_family_names": {},
  "publishers": {},
  "designers": {},
  "weight": 400,
  "weights": [
    "Weight(400)"
  ],
  "path": "/Users/mugisus/Library/Application Support/FontCluster/Generated/019bf61b-37d4-70a1-ace5-b4aaded78fab/google_fonts/Macondo_Weight400.ttf",
  "font_index": 0,
  "computed": {
    "vector": [
      -1.0204266,
      1.7804368
    ],
    "k": 7
  }
}