{
  "safe_name": "400_Tenor_Sans",
  "font_name": "Tenor Sans",
  "family_name": "Tenor Sans",
  "family_names": {
    "1033": "Tenor Sans"
  },
  "preferred_family_names": {},
  "publishers": {},
  "designers": {},
  "weight": 400,
  "weights": [
    "Weight(400)"
  ],
  "path": "/Users/mugisus/Library/Application Support/FontCluster/Generated/019bf61b-37d4-70a1-ace5-b4aaded78fab/google_fonts/Tenor_Sans_Weight400.ttf",
  "font_index": 0,
  "computed": {
    "vector": [
      -3.9012291,
      0.6182522
    ],
    "k": 6
  }
}