{
  "safe_name": "400_Assistant",
  "font_name": "Assistant Regular",
  "family_name": "Assistant",
  "family_names": {
    "1033": "Assistant"
  },
  "preferred_family_names": {},
  "publishers": {},
  "designers": {},
  "weight": 400,
  "weights": [
    "Weight(400)"
  ],
  "path": "/Users/mugisus/Library/Application Support/FontCluster/Generated/019bf61b-37d4-70a1-ace5-b4aaded78fab/google_fonts/Assistant_Weight400.ttf",
  "font_index": 0,
  "computed": {
    "vector": [
      -1.4220982,
      -2.410069
    ],
    "k": -1
  }
}