{
  "safe_name": "400_Gothic_A1",
  "font_name": "Gothic A1 Regular",
  "family_name": "Gothic A1",
  "family_names": {
    "1033": "Gothic A1"
  },
  "preferred_family_names": {},
  "publishers": {},
  "designers": {},
  "weight": 400,
  "weights": [
    "Weight(400)"
  ],
  "path": "/Users/mugisus/Library/Application Support/FontCluster/Generated/019bf61b-37d4-70a1-ace5-b4aaded78fab/google_fonts/Gothic_A1_Weight400.ttf",
  "font_index": 0,
  "computed": {
    "vector": [
      -3.5225403,
      -0.5828319
    ],
    "k": 6
  }
}