{
  "safe_name": "400_Work_Sans",
  "font_name": "Work Sans Regular",
  "family_name": "Work Sans",
  "family_names": {
    "1033": "Work Sans"
  },
  "preferred_family_names": {},
  "publishers": {},
  "designers": {},
  "weight": 400,
  "weights": [
    "Weight(400)"
  ],
  "path": "/Users/mugisus/Library/Application Support/FontCluster/Generated/019bf61b-37d4-70a1-ace5-b4aaded78fab/google_fonts/Work_Sans_Weight400.ttf",
  "font_index": 0,
  "computed": {
    "vector": [
      -1.9698076,
      -0.40692642
    ],
    "k": 6
  }
}