{
  "safe_name": "400_Tajawal",
  "font_name": "Tajawal",
  "family_name": "Tajawal",
  "family_names": {
    "1033": "Tajawal"
  },
  "preferred_family_names": {},
  "publishers": {},
  "designers": {},
  "weight": 400,
  "weights": [
    "Weight(400)"
  ],
  "path": "/Users/mugisus/Library/Application Support/FontCluster/Generated/019bf61b-37d4-70a1-ace5-b4aaded78fab/google_fonts/Tajawal_Weight400.ttf",
  "font_index": 0,
  "computed": {
    "vector": [
      -2.5505748,
      -0.332976
    ],
    "k": 6
  }
}