{
  "safe_name": "400_Geist_Mono",
  "font_name": "Geist Mono Regular",
  "family_name": "Geist Mono",
  "family_names": {
    "1033": "Geist Mono"
  },
  "preferred_family_names": {},
  "publishers": {},
  "designers": {},
  "weight": 400,
  "weights": [
    "Weight(400)"
  ],
  "path": "/Users/mugisus/Library/Application Support/FontCluster/Generated/019bf61b-37d4-70a1-ace5-b4aaded78fab/google_fonts/Geist_Mono_Weight400.ttf",
  "font_index": 0,
  "computed": {
    "vector": [
      -1.1865147,
      3.634082
    ],
    "k": 3
  }
}