{
  "safe_name": "400_Paytone_One",
  "font_name": "Paytone One Regular",
  "family_name": "Paytone One",
  "family_names": {
    "1033": "Paytone One"
  },
  "preferred_family_names": {},
  "publishers": {},
  "designers": {},
  "weight": 400,
  "weights": [
    "Weight(400)"
  ],
  "path": "/Users/mugisus/Library/Application Support/FontCluster/Generated/019bf61b-37d4-70a1-ace5-b4aaded78fab/google_fonts/Paytone_One_Weight400.ttf",
  "font_index": 0,
  "computed": {
    "vector": [
      1.6739477,
      1.3379366
    ],
    "k": 4
  }
}