{
  "safe_name": "400_PT_Serif",
  "font_name": "PT Serif",
  "family_name": "PT Serif",
  "family_names": {
    "1033": "PT Serif"
  },
  "preferred_family_names": {},
  "publishers": {},
  "designers": {},
  "weight": 400,
  "weights": [
    "Weight(400)"
  ],
  "path": "/Users/mugisus/Library/Application Support/FontCluster/Generated/019bf61b-37d4-70a1-ace5-b4aaded78fab/google_fonts/PT_Serif_Weight400.ttf",
  "font_index": 0,
  "computed": {
    "vector": [
      0.10273071,
      -0.41883913
    ],
    "k": -1
  }
}