{
  "safe_name": "400_Instrument_Serif",
  "font_name": "Instrument Serif Regular",
  "family_name": "Instrument Serif",
  "family_names": {
    "1033": "Instrument Serif"
  },
  "preferred_family_names": {},
  "publishers": {},
  "designers": {},
  "weight": 400,
  "weights": [
    "Weight(400)"
  ],
  "path": "/Users/mugisus/Library/Application Support/FontCluster/Generated/019bf61b-37d4-70a1-ace5-b4aaded78fab/google_fonts/Instrument_Serif_Weight400.ttf",
  "font_index": 0,
  "computed": {
    "vector": [
      1.6746529,
      -2.0691345
    ],
    "k": -1
  }
}