{
  "safe_name": "400_Francois_One",
  "font_name": "Francois One Regular",
  "family_name": "Francois One",
  "family_names": {
    "1033": "Francois One"
  },
  "preferred_family_names": {},
  "publishers": {},
  "designers": {},
  "weight": 400,
  "weights": [
    "Weight(400)"
  ],
  "path": "/Users/mugisus/Library/Application Support/FontCluster/Generated/019bf61b-37d4-70a1-ace5-b4aaded78fab/google_fonts/Francois_One_Weight400.ttf",
  "font_index": 0,
  "computed": {
    "vector": [
      1.226208,
      1.9882424
    ],
    "k": 4
  }
}