{
  "safe_name": "400_Bree_Serif",
  "font_name": "Bree Serif Regular",
  "family_name": "Bree Serif",
  "family_names": {
    "1033": "Bree Serif"
  },
  "preferred_family_names": {},
  "publishers": {},
  "designers": {},
  "weight": 400,
  "weights": [
    "Weight(400)"
  ],
  "path": "/Users/mugisus/Library/Application Support/FontCluster/Generated/019bf61b-37d4-70a1-ace5-b4aaded78fab/google_fonts/Bree_Serif_Weight400.ttf",
  "font_index": 0,
  "computed": {
    "vector": [
      0.4092566,
      -0.7041097
    ],
    "k": -1
  }
}