{
  "safe_name": "400_Red_Hat_Text",
  "font_name": "Red Hat Text Regular",
  "family_name": "Red Hat Text",
  "family_names": {
    "1033": "Red Hat Text"
  },
  "preferred_family_names": {},
  "publishers": {},
  "designers": {},
  "weight": 400,
  "weights": [
    "Weight(400)"
  ],
  "path": "/Users/mugisus/Library/Application Support/FontCluster/Generated/019bf61b-37d4-70a1-ace5-b4aaded78fab/google_fonts/Red_Hat_Text_Weight400.ttf",
  "font_index": 0,
  "computed": {
    "vector": [
      -4.036211,
      1.9580142
    ],
    "k": -1
  }
}