{
  "safe_name": "400_Libre_Baskerville",
  "font_name": "Libre Baskerville Regular",
  "family_name": "Libre Baskerville",
  "family_names": {
    "1033": "Libre Baskerville"
  },
  "preferred_family_names": {},
  "publishers": {},
  "designers": {},
  "weight": 400,
  "weights": [
    "Weight(400)"
  ],
  "path": "/Users/mugisus/Library/Application Support/FontCluster/Generated/019bf61b-37d4-70a1-ace5-b4aaded78fab/google_fonts/Libre_Baskerville_Weight400.ttf",
  "font_index": 0,
  "computed": {
    "vector": [
      2.9756637,
      -2.291046
    ],
    "k": 1
  }
}