{
  "safe_name": "400_Roboto_Mono",
  "font_name": "Roboto Mono Regular",
  "family_name": "Roboto Mono",
  "family_names": {
    "1033": "Roboto Mono"
  },
  "preferred_family_names": {},
  "publishers": {},
  "designers": {},
  "weight": 400,
  "weights": [
    "Weight(400)"
  ],
  "path": "/Users/mugisus/Library/Application Support/FontCluster/Generated/019bf61b-37d4-70a1-ace5-b4aaded78fab/google_fonts/Roboto_Mono_Weight400.ttf",
  "font_index": 0,
  "computed": {
    "vector": [
      -1.4041404,
      3.613166
    ],
    "k": 3
  }
}