{
  "safe_name": "400_Alegreya_Sans",
  "font_name": "Alegreya Sans Regular",
  "family_name": "Alegreya Sans",
  "family_names": {
    "1033": "Alegreya Sans"
  },
  "preferred_family_names": {},
  "publishers": {},
  "designers": {},
  "weight": 400,
  "weights": [
    "Weight(400)"
  ],
  "path": "/Users/mugisus/Library/Application Support/FontCluster/Generated/019bf61b-37d4-70a1-ace5-b4aaded78fab/google_fonts/Alegreya_Sans_Weight400.ttf",
  "font_index": 0,
  "computed": {
    "vector": [
      4.628149,
      -2.0001638
    ],
    "k": 2
  }
}