{
  "safe_name": "400_Montserrat",
  "font_name": "Montserrat Regular",
  "family_name": "Montserrat",
  "family_names": {
    "1033": "Montserrat"
  },
  "preferred_family_names": {},
  "publishers": {},
  "designers": {},
  "weight": 400,
  "weights": [
    "Weight(400)"
  ],
  "path": "/Users/mugisus/Library/Application Support/FontCluster/Generated/019bf61b-37d4-70a1-ace5-b4aaded78fab/google_fonts/Montserrat_Weight400.ttf",
  "font_index": 0,
  "computed": {
    "vector": [
      -2.0363855,
      -1.1337072
    ],
    "k": 6
  }
}