{
  "safe_name": "400_Chivo",
  "font_name": "Chivo Regular",
  "family_name": "Chivo",
  "family_names": {
    "1033": "Chivo"
  },
  "preferred_family_names": {},
  "publishers": {},
  "designers": {},
  "weight": 400,
  "weights": [
    "Weight(400)"
  ],
  "path": "/Users/mugisus/Library/Application Support/FontCluster/Generated/019bf61b-37d4-70a1-ace5-b4aaded78fab/google_fonts/Chivo_Weight400.ttf",
  "font_index": 0,
  "computed": {
    "vector": [
      -3.033997,
      -0.4649219
    ],
    "k": 6
  }
}