{
  "safe_name": "400_Cardo",
  "font_name": "Cardo",
  "family_name": "Cardo",
  "family_names": {
    "1033": "Cardo"
  },
  "preferred_family_names": {},
  "publishers": {},
  "designers": {},
  "weight": 400,
  "weights": [
    "Weight(400)"
  ],
  "path": "/Users/mugisus/Library/Application Support/FontCluster/Generated/019bf61b-37d4-70a1-ace5-b4aaded78fab/google_fonts/Cardo_Weight400.ttf",
  "font_index": 0,
  "computed": {
    "vector": [
      5.1646037,
      -1.8890072
    ],
    "k": 2
  }
}