{
  "safe_name": "400_Indie_Flower",
  "font_name": "Indie Flower",
  "family_name": "Indie Flower",
  "family_names": {
    "1033": "Indie Flower"
  },
  "preferred_family_names": {},
  "publishers": {},
  "designers": {},
  "weight": 400,
  "weights": [
    "Weight(400)"
  ],
  "path": "/Users/mugisus/Library/Application Support/FontCluster/Generated/019bf61b-37d4-70a1-ace5-b4aaded78fab/google_fonts/Indie_Flower_Weight400.ttf",
  "font_index": 0,
  "computed": {
    "vector": [
      5.1955085,
      -1.7902668
    ],
    "k": 2
  }
}