{
  "safe_name": "400_Amiri",
  "font_name": "Amiri Regular",
  "family_name": "Amiri",
  "family_names": {
    "1033": "Amiri"
  },
  "preferred_family_names": {},
  "publishers": {},
  "designers": {},
  "weight": 400,
  "weights": [
    "Weight(400)"
  ],
  "path": "/Users/mugisus/Library/Application Support/FontCluster/Generated/019bf61b-37d4-70a1-ace5-b4aaded78fab/google_fonts/Amiri_Weight400.ttf",
  "font_index": 0,
  "computed": {
    "vector": [
      4.8861074,
      -2.1030195
    ],
    "k": 2
  }
}