{
  "safe_name": "400_Cantarell",
  "font_name": "Cantarell Regular",
  "family_name": "Cantarell",
  "family_names": {
    "1033": "Cantarell"
  },
  "preferred_family_names": {},
  "publishers": {},
  "designers": {},
  "weight": 400,
  "weights": [
    "Weight(400)"
  ],
  "path": "/Users/mugisus/Library/Application Support/FontCluster/Generated/019bf61b-37d4-70a1-ace5-b4aaded78fab/google_fonts/Cantarell_Weight400.ttf",
  "font_index": 0,
  "computed": {
    "vector": [
      -2.3948972,
      1.823774
    ],
    "k": -1
  }
}