{
  "safe_name": "400_Didact_Gothic",
  "font_name": "Didact Gothic Regular",
  "family_name": "Didact Gothic",
  "family_names": {
    "1033": "Didact Gothic"
  },
  "preferred_family_names": {},
  "publishers": {},
  "designers": {},
  "weight": 400,
  "weights": [
    "Weight(400)"
  ],
  "path": "/Users/mugisus/Library/Application Support/FontCluster/Generated/019bf61b-37d4-70a1-ace5-b4aaded78fab/google_fonts/Didact_Gothic_Weight400.ttf",
  "font_index": 0,
  "computed": {
    "vector": [
      -5.217858,
      1.8029313
    ],
    "k": -1
  }
}