{
  "safe_name": "400_Golos_Text",
  "font_name": "Golos Text Regular",
  "family_name": "Golos Text",
  "family_names": {
    "1033": "Golos Text"
  },
  "preferred_family_names": {},
  "publishers": {},
  "designers": {},
  "weight": 400,
  "weights": [
    "Weight(400)"
  ],
  "path": "/Users/mugisus/Library/Application Support/FontCluster/Generated/019bf61b-37d4-70a1-ace5-b4aaded78fab/google_fonts/Golos_Text_Weight400.ttf",
  "font_index": 0,
  "computed": {
    "vector": [
      -2.4062397,
      -0.4262134
    ],
    "k": 6
  }
}