{
  "safe_name": "400_Fira_Code",
  "font_name": "Fira Code Regular",
  "family_name": "Fira Code",
  "family_names": {
    "1033": "Fira Code"
  },
  "preferred_family_names": {},
  "publishers": {},
  "designers": {},
  "weight": 400,
  "weights": [
    "Weight(400)"
  ],
  "path": "/Users/mugisus/Library/Application Support/FontCluster/Generated/019bf61b-37d4-70a1-ace5-b4aaded78fab/google_fonts/Fira_Code_Weight400.ttf",
  "font_index": 0,
  "computed": {
    "vector": [
      -1.3798949,
      3.6038866
    ],
    "k": 3
  }
}