{
  "safe_name": "400_Great_Vibes",
  "font_name": "Great Vibes Regular",
  "family_name": "Great Vibes",
  "family_names": {
    "1033": "Great Vibes"
  },
  "preferred_family_names": {},
  "publishers": {},
  "designers": {},
  "weight": 400,
  "weights": [
    "Weight(400)"
  ],
  "path": "/Users/mugisus/Library/Application Support/FontCluster/Generated/019bf61b-37d4-70a1-ace5-b4aaded78fab/google_fonts/Great_Vibes_Weight400.ttf",
  "font_index": 0,
  "computed": {
    "vector": [
      6.086789,
      -0.14072755
    ],
    "k": 0
  }
}