{
  "safe_name": "400_Atkinson_Hyperlegible",
  "font_name": "Atkinson Hyperlegible Regular",
  "family_name": "Atkinson Hyperlegible",
  "family_names": {
    "1033": "Atkinson Hyperlegible"
  },
  "preferred_family_names": {},
  "publishers": {},
  "designers": {},
  "weight": 400,
  "weights": [
    "Weight(400)"
  ],
  "path": "/Users/mugisus/Library/Application Support/FontCluster/Generated/019bf61b-37d4-70a1-ace5-b4aaded78fab/google_fonts/Atkinson_Hyperlegible_Weight400.ttf",
  "font_index": 0,
  "computed": {
    "vector": [
      -4.3954706,
      -0.29419652
    ],
    "k": 6
  }
}