{
  "safe_name": "400_Titillium_Web",
  "font_name": "Titillium Web Regular",
  "family_name": "Titillium Web",
  "family_names": {
    "1033": "Titillium Web"
  },
  "preferred_family_names": {},
  "publishers": {},
  "designers": {},
  "weight": 400,
  "weights": [
    "Weight(400)"
  ],
  "path": "/Users/mugisus/Library/Application Support/FontCluster/Generated/019bf61b-37d4-70a1-ace5-b4aaded78fab/google_fonts/Titillium_Web_Weight400.ttf",
  "font_index": 0,
  "computed": {
    "vector": [
      -1.923018,
      1.0367886
    ],
    "k": 7
  }
}