{
  "safe_name": "400_Barlow_Condensed",
  "font_name": "Barlow Condensed Regular",
  "family_name": "Barlow Condensed",
  "family_names": {
    "1033": "Barlow Condensed"
  },
  "preferred_family_names": {},
  "publishers": {},
  "designers": {},
  "weight": 400,
  "weights": [
    "Weight(400)"
  ],
  "path": "/Users/mugisus/Library/Application Support/FontCluster/Generated/019bf61b-37d4-70a1-ace5-b4aaded78fab/google_fonts/Barlow_Condensed_Weight400.ttf",
  "font_index": 0,
  "computed": {
    "vector": [
      -2.2253954,
      1.5787793
    ],
    "k": 7
  }
}