{
  "safe_name": "400_Fugaz_One",
  "font_name": "Fugaz One",
  "family_name": "Fugaz One",
  "family_names": {
    "1033": "Fugaz One"
  },
  "preferred_family_names": {},
  "publishers": {},
  "designers": {},
  "weight": 400,
  "weights": [
    "Weight(400)"
  ],
  "path": "/Users/mugisus/Library/Application Support/FontCluster/Generated/019bf61b-37d4-70a1-ace5-b4aaded78fab/google_fonts/Fugaz_One_Weight400.ttf",
  "font_index": 0,
  "computed": {
    "vector": [
      5.6819572,
      0.54967093
    ],
    "k": 0
  }
}