{
  "safe_name": "400_Acme",
  "font_name": "Acme Regular",
  "family_name": "Acme",
  "family_names": {
    "1033": "Acme"
  },
  "preferred_family_names": {},
  "publishers": {},
  "designers": {},
  "weight": 400,
  "weights": [
    "Weight(400)"
  ],
  "path": "/Users/mugisus/Library/Application Support/FontCluster/Generated/019bf61b-37d4-70a1-ace5-b4aaded78fab/google_fonts/Acme_Weight400.ttf",
  "font_index": 0,
  "computed": {
    "vector": [
      4.938311,
      -1.4482087
    ],
    "k": 2
  }
}