{
  "safe_name": "400_Roboto",
  "font_name": "Roboto Regular",
  "family_name": "Roboto",
  "family_names": {
    "1033": "Roboto"
  },
  "preferred_family_names": {},
  "publishers": {},
  "designers": {},
  "weight": 400,
  "weights": [
    "Weight(400)"
  ],
  "path": "/Users/mugisus/Library/Application Support/FontCluster/Generated/019bf61b-37d4-70a1-ace5-b4aaded78fab/google_fonts/Roboto_Weight400.ttf",
  "font_index": 0,
  "computed": {
    "vector": [
      -5.1783276,
      0.8036927
    ],
    "k": 6
  }
}