{
  "safe_name": "400_Tinos",
  "font_name": "Tinos Regular",
  "family_name": "Tinos",
  "family_names": {
    "1033": "Tinos"
  },
  "preferred_family_names": {},
  "publishers": {},
  "designers": {},
  "weight": 400,
  "weights": [
    "Weight(400)"
  ],
  "path": "/Users/mugisus/Library/Application Support/FontCluster/Generated/019bf61b-37d4-70a1-ace5-b4aaded78fab/google_fonts/Tinos_Weight400.ttf",
  "font_index": 0,
  "computed": {
    "vector": [
      2.5185726,
      -2.2249691
    ],
    "k": 1
  }
}