{
  "safe_name": "400_Lexend_Deca",
  "font_name": "Lexend Deca Regular",
  "family_name": "Lexend Deca",
  "family_names": {
    "1033": "Lexend Deca"
  },
  "preferred_family_names": {},
  "publishers": {},
  "designers": {},
  "weight": 400,
  "weights": [
    "Weight(400)"
  ],
  "path": "/Users/mugisus/Library/Application Support/FontCluster/Generated/019bf61b-37d4-70a1-ace5-b4aaded78fab/google_fonts/Lexend_Deca_Weight400.ttf",
  "font_index": 0,
  "computed": {
    "vector": [
      -4.945791,
      0.69774556
    ],
    "k": 6
  }
}