{
  "safe_name": "400_Saira",
  "font_name": "Saira Regular",
  "family_name": "Saira",
  "family_names": {
    "1033": "Saira"
  },
  "preferred_family_names": {},
  "publishers": {},
  "designers": {},
  "weight": 400,
  "weights": [
    "Weight(400)"
  ],
  "path": "/Users/mugisus/Library/Application Support/FontCluster/Generated/019bf61b-37d4-70a1-ace5-b4aaded78fab/google_fonts/Saira_Weight400.ttf",
  "font_index": 0,
  "computed": {
    "vector": [
      -3.2581959,
      1.3857955
    ],
    "k": -1
  }
}