{
  "safe_name": "400_Fredoka",
  "font_name": "Fredoka Regular",
  "family_name": "Fredoka",
  "family_names": {
    "1033": "Fredoka"
  },
  "preferred_family_names": {},
  "publishers": {},
  "designers": {},
  "weight": 400,
  "weights": [
    "Weight(400)"
  ],
  "path": "/Users/mugisus/Library/Application Support/FontCluster/Generated/019bf61b-37d4-70a1-ace5-b4aaded78fab/google_fonts/Fredoka_Weight400.ttf",
  "font_index": 0,
  "computed": {
    "vector": [
      -3.5166986,
      1.2184384
    ],
    "k": -1
  }
}