{
  "safe_name": "400_JetBrains_Mono",
  "font_name": "JetBrains Mono Regular",
  "family_name": "JetBrains Mono",
  "family_names": {
    "1033": "JetBrains Mono"
  },
  "preferred_family_names": {},
  "publishers": {},
  "designers": {},
  "weight": 400,
  "weights": [
    "Weight(400)"
  ],
  "path": "/Users/mugisus/Library/Application Support/FontCluster/Generated/019bf61b-37d4-70a1-ace5-b4aaded78fab/google_fonts/JetBrains_Mono_Weight400.ttf",
  "font_index": 0,
  "computed": {
    "vector": [
      -0.93141687,
      3.613049
    ],
    "k": 3
  }
}