{
  "safe_name": "400_Kanit",
  "font_name": "Kanit Regular",
  "family_name": "Kanit",
  "family_names": {
    "1033": "Kanit"
  },
  "preferred_family_names": {},
  "publishers": {},
  "designers": {},
  "weight": 400,
  "weights": [
    "Weight(400)"
  ],
  "path": "/Users/mugisus/Library/Application Support/FontCluster/Generated/019bf61b-37d4-70a1-ace5-b4aaded78fab/google_fonts/Kanit_Weight400.ttf",
  "font_index": 0,
  "computed": {
    "vector": [
      -4.0709085,
      0.60472333
    ],
    "k": 6
  }
}