{
  "safe_name": "400_Playfair_Display",
  "font_name": "Playfair Display Regular",
  "family_name": "Playfair Display",
  "family_names": {
    "1033": "Playfair Display"
  },
  "preferred_family_names": {},
  "publishers": {},
  "designers": {},
  "weight": 400,
  "weights": [
    "Weight(400)"
  ],
  "path": "/Users/mugisus/Library/Application Support/FontCluster/Generated/019bf61b-37d4-70a1-ace5-b4aaded78fab/google_fonts/Playfair_Display_Weight400.ttf",
  "font_index": 0,
  "computed": {
    "vector": [
      0.7648497,
      -1.3836354
    ],
    "k": -1
  }
}