{
  "safe_name": "400_Special_Elite",
  "font_name": "Special Elite Regular",
  "family_name": "Special Elite",
  "family_names": {
    "1033": "Special Elite"
  },
  "preferred_family_names": {},
  "publishers": {},
  "designers": {},
  "weight": 400,
  "weights": [
    "Weight(400)"
  ],
  "path": "/Users/mugisus/Library/Application Support/FontCluster/Generated/019bf61b-37d4-70a1-ace5-b4aaded78fab/google_fonts/Special_Elite_Weight400.ttf",
  "font_index": 0,
  "computed": {
    "vector": [
      4.2251296,
      -0.36604515
    ],
    "k": -1
  }
}