{
  "safe_name": "400_Hammersmith_One",
  "font_name": "Hammersmith One Regular",
  "family_name": "Hammersmith One",
  "family_names": {
    "1033": "Hammersmith One"
  },
  "preferred_family_names": {},
  "publishers": {},
  "designers": {},
  "weight": 400,
  "weights": [
    "Weight(400)"
  ],
  "path": "/Users/mugisus/Library/Application Support/FontCluster/Generated/019bf61b-37d4-70a1-ace5-b4aaded78fab/google_fonts/Hammersmith_One_Weight400.ttf",
  "font_index": 0,
  "computed": {
    "vector": [
      -0.18630728,
      0.10079848
    ],
    "k": -1
  }
}