{
  "safe_name": "400_Permanent_Marker",
  "font_name": "Permanent Marker Regular",
  "family_name": "Permanent Marker",
  "family_names": {
    "1033": "Permanent Marker"
  },
  "preferred_family_names": {},
  "publishers": {},
  "designers": {},
  "weight": 400,
  "weights": [
    "Weight(400)"
  ],
  "path": "/Users/mugisus/Library/Application Support/FontCluster/Generated/019bf61b-37d4-70a1-ace5-b4aaded78fab/google_fonts/Permanent_Marker_Weight400.ttf",
  "font_index": 0,
  "computed": {
    "vector": [
      5.547001,
      -0.14177094
    ],
    "k": 0
  }
}