{
  "safe_name": "400_Dancing_Script",
  "font_name": "Dancing Script Regular",
  "family_name": "Dancing Script",
  "family_names": {
    "1033": "Dancing Script"
  },
  "preferred_family_names": {},
  "publishers": {},
  "designers": {},
  "weight": 400,
  "weights": [
    "Weight(400)"
  ],
  "path": "/Users/mugisus/Library/Application Support/FontCluster/Generated/019bf61b-37d4-70a1-ace5-b4aaded78fab/google_fonts/Dancing_Script_Weight400.ttf",
  "font_index": 0,
  "computed": {
    "vector": [
      6.106333,
      -0.20947382
    ],
    "k": 0
  }
}