{
  "safe_name": "400_Courgette",
  "font_name": "Courgette Regular",
  "family_name": "Courgette",
  "family_names": {
    "1033": "Courgette"
  },
  "preferred_family_names": {},
  "publishers": {},
  "designers": {},
  "weight": 400,
  "weights": [
    "Weight(400)"
  ],
  "path": "/Users/mugisus/Library/Application Support/FontCluster/Generated/019bf61b-37d4-70a1-ace5-b4aaded78fab/google_fonts/Courgette_Weight400.ttf",
  "font_index": 0,
  "computed": {
    "vector": [
      5.8950214,
      -0.25996467
    ],
    "k": 0
  }
}