{
  "safe_name": "400_Noto_Kufi_Arabic",
  "font_name": "Noto Kufi Arabic Regular",
  "family_name": "Noto Kufi Arabic",
  "family_names": {
    "1033": "Noto Kufi Arabic"
  },
  "preferred_family_names": {},
  "publishers": {},
  "designers": {},
  "weight": 400,
  "weights": [
    "Weight(400)"
  ],
  "path": "/Users/mugisus/Library/Application Support/FontCluster/Generated/019bf61b-37d4-70a1-ace5-b4aaded78fab/google_fonts/Noto_Kufi_Arabic_Weight400.ttf",
  "font_index": 0,
  "computed": {
    "vector": [
      -4.0510445,
      -2.4784737
    ],
    "k": -1
  }
}