{
  "safe_name": "400_Ubuntu",
  "font_name": "Ubuntu Regular",
  "family_name": "Ubuntu",
  "family_names": {
    "1033": "Ubuntu"
  },
  "preferred_family_names": {},
  "publishers": {},
  "designers": {},
  "weight": 400,
  "weights": [
    "Weight(400)"
  ],
  "path": "/Users/mugisus/Library/Application Support/FontCluster/Generated/019bf61b-37d4-70a1-ace5-b4aaded78fab/google_fonts/Ubuntu_Weight400.ttf",
  "font_index": 0,
  "computed": {
    "vector": [
      -1.3139797,
      1.9118935
    ],
    "k": 7
  }
}