{
  "safe_name": "400_Rethink_Sans",
  "font_name": "Rethink Sans Regular",
  "family_name": "Rethink Sans",
  "family_names": {
    "1033": "Rethink Sans"
  },
  "preferred_family_names": {},
  "publishers": {},
  "designers": {},
  "weight": 400,
  "weights": [
    "Weight(400)"
  ],
  "path": "/Users/mugisus/Library/Application Support/FontCluster/Generated/019bf61b-37d4-70a1-ace5-b4aaded78fab/google_fonts/Rethink_Sans_Weight400.ttf",
  "font_index": 0,
  "computed": {
    "vector": [
      -2.9837267,
      -0.72855014
    ],
    "k": 6
  }
}