{
  "safe_name": "400_Literata",
  "font_name": "Literata Regular",
  "family_name": "Literata",
  "family_names": {
    "1033": "Literata"
  },
  "preferred_family_names": {},
  "publishers": {},
  "designers": {},
  "weight": 400,
  "weights": [
    "Weight(400)"
  ],
  "path": "/Users/mugisus/Library/Application Support/FontCluster/Generated/019bf61b-37d4-70a1-ace5-b4aaded78fab/google_fonts/Literata_Weight400.ttf",
  "font_index": 0,
  "computed": {
    "vector": [
      3.1742191,
      -1.8407978
    ],
    "k": 1
  }
}