{
  "safe_name": "400_Playfair",
  "font_name": "Playfair Regular",
  "family_name": "Playfair",
  "family_names": {
    "1033": "Playfair"
  },
  "preferred_family_names": {},
  "publishers": {},
  "designers": {},
  "weight": 400,
  "weights": [
    "Weight(400)"
  ],
  "path": "/Users/mugisus/Library/Application Support/FontCluster/Generated/019bf61b-37d4-70a1-ace5-b4aaded78fab/google_fonts/Playfair_Weight400.ttf",
  "font_index": 0,
  "computed": {
    "vector": [
      3.295571,
      -1.7582769
    ],
    "k": 1
  }
}