{
  "safe_name": "400_Encode_Sans_Condensed",
  "font_name": "Encode Sans Condensed Regular",
  "family_name": "Encode Sans Condensed",
  "family_names": {
    "1033": "Encode Sans Condensed"
  },
  "preferred_family_names": {},
  "publishers": {},
  "designers": {},
  "weight": 400,
  "weights": [
    "Weight(400)"
  ],
  "path": "/Users/mugisus/Library/Application Support/FontCluster/Generated/019bf61b-37d4-70a1-ace5-b4aaded78fab/google_fonts/Encode_Sans_Condensed_Weight400.ttf",
  "font_index": 0,
  "computed": {
    "vector": [
      -1.3506819,
      1.922083
    ],
    "k": 7
  }
}