{
  "safe_name": "400_Gloria_Hallelujah",
  "font_name": "Gloria Hallelujah",
  "family_name": "Gloria Hallelujah",
  "family_names": {
    "1033": "Gloria Hallelujah"
  },
  "preferred_family_names": {},
  "publishers": {},
  "designers": {},
  "weight": 400,
  "weights": [
    "Weight(400)"
  ],
  "path": "/Users/mugisus/Library/Application Support/FontCluster/Generated/019bf61b-37d4-70a1-ace5-b4aaded78fab/google_fonts/Gloria_Hallelujah_Weight400.ttf",
  "font_index": 0,
  "computed": {
    "vector": [
      5.5345573,
      -1.2252954
    ],
    "k": -1
  }
}