{
  "safe_name": "400_Geologica",
  "font_name": "Geologica Regular",
  "family_name": "Geologica",
  "family_names": {
    "1033": "Geologica"
  },
  "preferred_family_names": {},
  "publishers": {},
  "designers": {},
  "weight": 400,
  "weights": [
    "Weight(400)"
  ],
  "path": "/Users/mugisus/Library/Application Support/FontCluster/Generated/019bf61b-37d4-70a1-ace5-b4aaded78fab/google_fonts/Geologica_Weight400.ttf",
  "font_index": 0,
  "computed": {
    "vector": [
      -1.1514325,
      0.09697493
    ],
    "k": -1
  }
}