{
  "safe_name": "400_Bebas_Neue",
  "font_name": "Bebas Neue Regular",
  "family_name": "Bebas Neue",
  "family_names": {
    "1033": "Bebas Neue"
  },
  "preferred_family_names": {},
  "publishers": {},
  "designers": {},
  "weight": 400,
  "weights": [
    "Weight(400)"
  ],
  "path": "/Users/mugisus/Library/Application Support/FontCluster/Generated/019bf61b-37d4-70a1-ace5-b4aaded78fab/google_fonts/Bebas_Neue_Weight400.ttf",
  "font_index": 0,
  "computed": {
    "vector": [
      1.8275973,
      3.2037494
    ],
    "k": -1
  }
}