{
  "safe_name": "400_Noto_Naskh_Arabic",
  "font_name": "Noto Naskh Arabic Regular",
  "family_name": "Noto Naskh Arabic",
  "family_names": {
    "1033": "Noto Naskh Arabic"
  },
  "preferred_family_names": {},
  "publishers": {},
  "designers": {},
  "weight": 400,
  "weights": [
    "Weight(400)"
  ],
  "path": "/Users/mugisus/Library/Application Support/FontCluster/Generated/019bf61b-37d4-70a1-ace5-b4aaded78fab/google_fonts/Noto_Naskh_Arabic_Weight400.ttf",
  "font_index": 0,
  "computed": {
    "vector": [
      0.48568738,
      -1.6924734
    ],
    "k": 5
  }
}