{
  "safe_name": "400_Quattrocento_Sans",
  "font_name": "Quattrocento Sans",
  "family_name": "Quattrocento Sans",
  "family_names": {
    "1033": "Quattrocento Sans"
  },
  "preferred_family_names": {},
  "publishers": {},
  "designers": {},
  "weight": 400,
  "weights": [
    "Weight(400)"
  ],
  "path": "/Users/mugisus/Library/Application Support/FontCluster/Generated/019bf61b-37d4-70a1-ace5-b4aaded78fab/google_fonts/Quattrocento_Sans_Weight400.ttf",
  "font_index": 0,
  "computed": {
    "vector": [
      4.693774,
      -2.1206677
    ],
    "k": 2
  }
}