{
  "safe_name": "400_Alata",
  "font_name": "Alata Regular",
  "family_name": "Alata",
  "family_names": {
    "1033": "Alata"
  },
  "preferred_family_names": {},
  "publishers": {},
  "designers": {},
  "weight": 400,
  "weights": [
    "Weight(400)"
  ],
  "path": "/Users/mugisus/Library/Application Support/FontCluster/Generated/019bf61b-37d4-70a1-ace5-b4aaded78fab/google_fonts/Alata_Weight400.ttf",
  "font_index": 0,
  "computed": {
    "vector": [
      4.765288,
      -2.0202987
    ],
    "k": 2
  }
}