{
  "safe_name": "400_Josefin_Slab",
  "font_name": "Josefin Slab Regular",
  "family_name": "Josefin Slab",
  "family_names": {
    "1033": "Josefin Slab"
  },
  "preferred_family_names": {},
  "publishers": {},
  "designers": {},
  "weight": 400,
  "weights": [
    "Weight(400)"
  ],
  "path": "/Users/mugisus/Library/Application Support/FontCluster/Generated/019bf61b-37d4-70a1-ace5-b4aaded78fab/google_fonts/Josefin_Slab_Weight400.ttf",
  "font_index": 0,
  "computed": {
    "vector": [
      5.0476027,
      -1.9134123
    ],
    "k": 2
  }
}