{
  "safe_name": "400_Inter_Tight",
  "font_name": "Inter Tight Regular",
  "family_name": "Inter Tight",
  "family_names": {
    "1033": "Inter Tight"
  },
  "preferred_family_names": {},
  "publishers": {},
  "designers": {},
  "weight": 400,
  "weights": [
    "Weight(400)"
  ],
  "path": "/Users/mugisus/Library/Application Support/FontCluster/Generated/019bf61b-37d4-70a1-ace5-b4aaded78fab/google_fonts/Inter_Tight_Weight400.ttf",
  "font_index": 0,
  "computed": {
    "vector": [
      -4.6748147,
      -0.23773172
    ],
    "k": 6
  }
}