{
  "safe_name": "400_Passion_One",
  "font_name": "Passion One Regular",
  "family_name": "Passion One",
  "family_names": {
    "1033": "Passion One"
  },
  "preferred_family_names": {},
  "publishers": {},
  "designers": {},
  "weight": 400,
  "weights": [
    "Weight(400)"
  ],
  "path": "/Users/mugisus/Library/Application Support/FontCluster/Generated/019bf61b-37d4-70a1-ace5-b4aaded78fab/google_fonts/Passion_One_Weight400.ttf",
  "font_index": 0,
  "computed": {
    "vector": [
      1.6332567,
      1.9326055
    ],
    "k": 4
  }
}