{
  "safe_name": "400_Yanone_Kaffeesatz",
  "font_name": "Yanone Kaffeesatz Regular",
  "family_name": "Yanone Kaffeesatz",
  "family_names": {
    "1033": "Yanone Kaffeesatz"
  },
  "preferred_family_names": {},
  "publishers": {},
  "designers": {},
  "weight": 400,
  "weights": [
    "Weight(400)"
  ],
  "path": "/Users/mugisus/Library/Application Support/FontCluster/Generated/019bf61b-37d4-70a1-ace5-b4aaded78fab/google_fonts/Yanone_Kaffeesatz_Weight400.ttf",
  "font_index": 0,
  "computed": {
    "vector": [
      -0.56955206,
      2.7382946
    ],
    "k": -1
  }
}