{
  "safe_name": "400_Shadows_Into_Light",
  "font_name": "Shadows Into Light",
  "family_name": "Shadows Into Light",
  "family_names": {
    "1033": "Shadows Into Light"
  },
  "preferred_family_names": {},
  "publishers": {},
  "designers": {},
  "weight": 400,
  "weights": [
    "Weight(400)"
  ],
  "path": "/Users/mugisus/Library/Application Support/FontCluster/Generated/019bf61b-37d4-70a1-ace5-b4aaded78fab/google_fonts/Shadows_Into_Light_Weight400.ttf",
  "font_index": 0,
  "computed": {
    "vector": [
      4.6572847,
      -1.0759883
    ],
    "k": -1
  }
}