{
  "safe_name": "400_Be_Vietnam_Pro",
  "font_name": "Be Vietnam Pro Regular",
  "family_name": "Be Vietnam Pro",
  "family_names": {
    "1033": "Be Vietnam Pro"
  },
  "preferred_family_names": {},
  "publishers": {},
  "designers": {},
  "weight": 400,
  "weights": [
    "Weight(400)"
  ],
  "path": "/Users/mugisus/Library/Application Support/FontCluster/Generated/019bf61b-37d4-70a1-ace5-b4aaded78fab/google_fonts/Be_Vietnam_Pro_Weight400.ttf",
  "font_index": 0,
  "computed": {
    "vector": [
      -2.2350402,
      0.80726624
    ],
    "k": -1
  }
}