{
  "safe_name": "400_Poppins",
  "font_name": "Poppins Regular",
  "family_name": "Poppins",
  "family_names": {
    "1033": "Poppins"
  },
  "preferred_family_names": {},
  "publishers": {},
  "designers": {},
  "weight": 400,
  "weights": [
    "Weight(400)"
  ],
  "path": "/Users/mugisus/Library/Application Support/FontCluster/Generated/019bf61b-37d4-70a1-ace5-b4aaded78fab/google_fonts/Poppins_Weight400.ttf",
  "font_index": 0,
  "computed": {
    "vector": [
      -3.9732716,
      -0.7313955
    ],
    "k": 6
  }
}