{
  "safe_name": "400_Changa",
  "font_name": "Changa Regular",
  "family_name": "Changa",
  "family_names": {
    "1033": "Changa"
  },
  "preferred_family_names": {},
  "publishers": {},
  "designers": {},
  "weight": 400,
  "weights": [
    "Weight(400)"
  ],
  "path": "/Users/mugisus/Library/Application Support/FontCluster/Generated/019bf61b-37d4-70a1-ace5-b4aaded78fab/google_fonts/Changa_Weight400.ttf",
  "font_index": 0,
  "computed": {
    "vector": [
      -0.07520242,
      2.3839066
    ],
    "k": -1
  }
}