{
  "safe_name": "400_Old_Standard_TT",
  "font_name": "Old Standard TT Regular",
  "family_name": "Old Standard TT",
  "family_names": {
    "1033": "Old Standard TT"
  },
  "preferred_family_names": {},
  "publishers": {},
  "designers": {},
  "weight": 400,
  "weights": [
    "Weight(400)"
  ],
  "path": "/Users/mugisus/Library/Application Support/FontCluster/Generated/019bf61b-37d4-70a1-ace5-b4aaded78fab/google_fonts/Old_Standard_TT_Weight400.ttf",
  "font_index": 0,
  "computed": {
    "vector": [
      3.4983876,
      -1.9574933
    ],
    "k": 1
  }
}