{
  "safe_name": "400_Yellowtail",
  "font_name": "Yellowtail Regular",
  "family_name": "Yellowtail",
  "family_names": {
    "1033": "Yellowtail"
  },
  "preferred_family_names": {},
  "publishers": {},
  "designers": {},
  "weight": 400,
  "weights": [
    "Weight(400)"
  ],
  "path": "/Users/mugisus/Library/Application Support/FontCluster/Generated/019bf61b-37d4-70a1-ace5-b4aaded78fab/google_fonts/Yellowtail_Weight400.ttf",
  "font_index": 0,
  "computed": {
    "vector": [
      6.1525025,
      -0.24747121
    ],
    "k": 0
  }
}