{
  "safe_name": "400_Actor",
  "font_name": "Actor Regular",
  "family_name": "Actor",
  "family_names": {
    "1033": "Actor"
  },
  "preferred_family_names": {},
  "publishers": {},
  "designers": {},
  "weight": 400,
  "weights": [
    "Weight(400)"
  ],
  "path": "/Users/mugisus/Library/Application Support/FontCluster/Generated/019bf61b-37d4-70a1-ace5-b4aaded78fab/google_fonts/Actor_Weight400.ttf",
  "font_index": 0,
  "computed": {
    "vector": [
      2.8718307,
      -1.7461561
    ],
    "k": 1
  }
}