{
  "safe_name": "400_Google_Sans_Code",
  "font_name": "Google Sans Code Regular",
  "family_name": "Google Sans Code",
  "family_names": {
    "1033": "Google Sans Code"
  },
  "preferred_family_names": {},
  "publishers": {},
  "designers": {},
  "weight": 400,
  "weights": [
    "Weight(400)"
  ],
  "path": "/Users/mugisus/Library/Application Support/FontCluster/Generated/019bf61b-37d4-70a1-ace5-b4aaded78fab/google_fonts/Google_Sans_Code_Weight400.ttf",
  "font_index": 0,
  "computed": {
    "vector": [
      -1.3789953,
      3.564931
    ],
    "k": 3
  }
}