{
  "safe_name": "400_Material_Symbols_Rounded",
  "font_name": "Material Symbols Rounded Regular",
  "family_name": "Material Symbols Rounded",
  "family_names": {
    "1033": "Material Symbols Rounded"
  },
  "preferred_family_names": {},
  "publishers": {},
  "designers": {},
  "weight": 400,
  "weights": [
    "Weight(400)"
  ],
  "path": "/Users/mugisus/Library/Application Support/FontCluster/Generated/019bf61b-37d4-70a1-ace5-b4aaded78fab/google_fonts/Material_Symbols_Rounded_Weight400.ttf",
  "font_index": 0,
  "computed": {
    "vector": [
      1.6584419,
      3.4014676
    ],
    "k": -1
  }
}