{
  "safe_name": "400_Red_Hat_Display",
  "font_name": "Red Hat Display Regular",
  "family_name": "Red Hat Display",
  "family_names": {
    "1033": "Red Hat Display"
  },
  "preferred_family_names": {},
  "publishers": {},
  "designers": {},
  "weight": 400,
  "weights": [
    "Weight(400)"
  ],
  "path": "/Users/mugisus/Library/Application Support/FontCluster/Generated/019bf61b-37d4-70a1-ace5-b4aaded78fab/google_fonts/Red_Hat_Display_Weight400.ttf",
  "font_index": 0,
  "computed": {
    "vector": [
      -4.5519986,
      1.4890281
    ],
    "k": 6
  }
}