{
  "safe_name": "400_Hanken_Grotesk",
  "font_name": "Hanken Grotesk Regular",
  "family_name": "Hanken Grotesk",
  "family_names": {
    "1033": "Hanken Grotesk"
  },
  "preferred_family_names": {},
  "publishers": {},
  "designers": {},
  "weight": 400,
  "weights": [
    "Weight(400)"
  ],
  "path": "/Users/mugisus/Library/Application Support/FontCluster/Generated/019bf61b-37d4-70a1-ace5-b4aaded78fab/google_fonts/Hanken_Grotesk_Weight400.ttf",
  "font_index": 0,
  "computed": {
    "vector": [
      -4.406337,
      0.18797168
    ],
    "k": 6
  }
}