{
  "safe_name": "400_Baskervville",
  "font_name": "Baskervville Regular",
  "family_name": "Baskervville",
  "family_names": {
    "1033": "Baskervville"
  },
  "preferred_family_names": {},
  "publishers": {},
  "designers": {},
  "weight": 400,
  "weights": [
    "Weight(400)"
  ],
  "path": "/Users/mugisus/Library/Application Support/FontCluster/Generated/019bf61b-37d4-70a1-ace5-b4aaded78fab/google_fonts/Baskervville_Weight400.ttf",
  "font_index": 0,
  "computed": {
    "vector": [
      4.352354,
      -2.094012
    ],
    "k": 2
  }
}