{
  "safe_name": "400_Exo_2",
  "font_name": "Exo 2 Regular",
  "family_name": "Exo 2",
  "family_names": {
    "1033": "Exo 2"
  },
  "preferred_family_names": {},
  "publishers": {},
  "designers": {},
  "weight": 400,
  "weights": [
    "Weight(400)"
  ],
  "path": "/Users/mugisus/Library/Application Support/FontCluster/Generated/019bf61b-37d4-70a1-ace5-b4aaded78fab/google_fonts/Exo_2_Weight400.ttf",
  "font_index": 0,
  "computed": {
    "vector": [
      -2.711558,
      1.0687246
    ],
    "k": 7
  }
}