{
  "safe_name": "400_Albert_Sans",
  "font_name": "Albert Sans Regular",
  "family_name": "Albert Sans",
  "family_names": {
    "1033": "Albert Sans"
  },
  "preferred_family_names": {},
  "publishers": {},
  "designers": {},
  "weight": 400,
  "weights": [
    "Weight(400)"
  ],
  "path": "/Users/mugisus/Library/Application Support/FontCluster/Generated/019bf61b-37d4-70a1-ace5-b4aaded78fab/google_fonts/Albert_Sans_Weight400.ttf",
  "font_index": 0,
  "computed": {
    "vector": [
      -3.5659733,
      -0.9031592
    ],
    "k": 6
  }
}