{
  "safe_name": "400_Lato",
  "font_name": "Lato Regular",
  "family_name": "Lato",
  "family_names": {
    "1033": "Lato"
  },
  "preferred_family_names": {},
  "publishers": {},
  "designers": {},
  "weight": 400,
  "weights": [
    "Weight(400)"
  ],
  "path": "/Users/mugisus/Library/Application Support/FontCluster/Generated/019bf61b-37d4-70a1-ace5-b4aaded78fab/google_fonts/Lato_Weight400.ttf",
  "font_index": 0,
  "computed": {
    "vector": [
      -2.7540214,
      -1.3221556
    ],
    "k": -1
  }
}