{
  "safe_name": "400_Mukta",
  "font_name": "Mukta Regular",
  "family_name": "Mukta",
  "family_names": {
    "1033": "Mukta"
  },
  "preferred_family_names": {},
  "publishers": {},
  "designers": {},
  "weight": 400,
  "weights": [
    "Weight(400)"
  ],
  "path": "/Users/mugisus/Library/Application Support/FontCluster/Generated/019bf61b-37d4-70a1-ace5-b4aaded78fab/google_fonts/Mukta_Weight400.ttf",
  "font_index": 0,
  "computed": {
    "vector": [
      -0.88038313,
      0.143293
    ],
    "k": -1
  }
}