{
  "safe_name": "400_Caveat",
  "font_name": "Caveat Regular",
  "family_name": "Caveat",
  "family_names": {
    "1033": "Caveat"
  },
  "preferred_family_names": {},
  "publishers": {},
  "designers": {},
  "weight": 400,
  "weights": [
    "Weight(400)"
  ],
  "path": "/Users/mugisus/Library/Application Support/FontCluster/Generated/019bf61b-37d4-70a1-ace5-b4aaded78fab/google_fonts/Caveat_Weight400.ttf",
  "font_index": 0,
  "computed": {
    "vector": [
      5.937182,
      -0.26831323
    ],
    "k": 0
  }
}