{
  "safe_name": "400_Bitter",
  "font_name": "Bitter Regular",
  "family_name": "Bitter",
  "family_names": {
    "1033": "Bitter"
  },
  "preferred_family_names": {},
  "publishers": {},
  "designers": {},
  "weight": 400,
  "weights": [
    "Weight(400)"
  ],
  "path": "/Users/mugisus/Library/Application Support/FontCluster/Generated/019bf61b-37d4-70a1-ace5-b4aaded78fab/google_fonts/Bitter_Weight400.ttf",
  "font_index": 0,
  "computed": {
    "vector": [
      -0.24629362,
      -1.7297219
    ],
    "k": 5
  }
}