{
  "safe_name": "400_Josefin_Sans",
  "font_name": "Josefin Sans Regular",
  "family_name": "Josefin Sans",
  "family_names": {
    "1033": "Josefin Sans"
  },
  "preferred_family_names": {},
  "publishers": {},
  "designers": {},
  "weight": 400,
  "weights": [
    "Weight(400)"
  ],
  "path": "/Users/mugisus/Library/Application Support/FontCluster/Generated/019bf61b-37d4-70a1-ace5-b4aaded78fab/google_fonts/Josefin_Sans_Weight400.ttf",
  "font_index": 0,
  "computed": {
    "vector": [
      4.969573,
      -1.9878161
    ],
    "k": 2
  }
}