{
  "safe_name": "400_NanumGothicCoding",
  "font_name": "NanumGothicCoding",
  "family_name": "NanumGothicCoding",
  "family_names": {
    "1033": "NanumGothicCoding"
  },
  "preferred_family_names": {},
  "publishers": {},
  "designers": {},
  "weight": 400,
  "weights": [
    "Weight(400)"
  ],
  "path": "/Users/mugisus/Library/Application Support/FontCluster/Generated/019bf61b-37d4-70a1-ace5-b4aaded78fab/google_fonts/Nanum_Gothic_Coding_Weight400.ttf",
  "font_index": 0,
  "computed": {
    "vector": [
      -1.4668347,
      3.6001797
    ],
    "k": 3
  }
}