{
  "safe_name": "400_Frank_Ruhl_Libre",
  "font_name": "Frank Ruhl Libre Regular",
  "family_name": "Frank Ruhl Libre",
  "family_names": {
    "1033": "Frank Ruhl Libre"
  },
  "preferred_family_names": {},
  "publishers": {},
  "designers": {},
  "weight": 400,
  "weights": [
    "Weight(400)"
  ],
  "path": "/Users/mugisus/Library/Application Support/FontCluster/Generated/019bf61b-37d4-70a1-ace5-b4aaded78fab/google_fonts/Frank_Ruhl_Libre_Weight400.ttf",
  "font_index": 0,
  "computed": {
    "vector": [
      2.0124242,
      -2.0986483
    ],
    "k": 1
  }
}