{
  "safe_name": "400_Libre_Caslon_Text",
  "font_name": "Libre Caslon Text Regular",
  "family_name": "Libre Caslon Text",
  "family_names": {
    "1033": "Libre Caslon Text"
  },
  "preferred_family_names": {},
  "publishers": {},
  "designers": {},
  "weight": 400,
  "weights": [
    "Weight(400)"
  ],
  "path": "/Users/mugisus/Library/Application Support/FontCluster/Generated/019bf61b-37d4-70a1-ace5-b4aaded78fab/google_fonts/Libre_Caslon_Text_Weight400.ttf",
  "font_index": 0,
  "computed": {
    "vector": [
      3.2335749,
      -2.2151356
    ],
    "k": 1
  }
}