{
  "safe_name": "400_Rounded_Mplus_1c",
  "font_name": "Rounded Mplus 1c",
  "family_name": "Rounded Mplus 1c",
  "family_names": {
    "1033": "Rounded Mplus 1c"
  },
  "preferred_family_names": {},
  "publishers": {},
  "designers": {},
  "weight": 400,
  "weights": [
    "Weight(400)"
  ],
  "path": "/Users/mugisus/Library/Application Support/FontCluster/Generated/019bf61b-37d4-70a1-ace5-b4aaded78fab/google_fonts/M_PLUS_Rounded_1c_Weight400.ttf",
  "font_index": 0,
  "computed": {
    "vector": [
      -1.4528553,
      3.2772627
    ],
    "k": 3
  }
}