{
  "safe_name": "400_Bungee",
  "font_name": "Bungee Regular",
  "family_name": "Bungee",
  "family_names": {
    "1033": "Bungee"
  },
  "preferred_family_names": {},
  "publishers": {},
  "designers": {},
  "weight": 400,
  "weights": [
    "Weight(400)"
  ],
  "path": "/Users/mugisus/Library/Application Support/FontCluster/Generated/019bf61b-37d4-70a1-ace5-b4aaded78fab/google_fonts/Bungee_Weight400.ttf",
  "font_index": 0,
  "computed": {
    "vector": [
      1.8209182,
      2.8884711
    ],
    "k": 4
  }
}