{
  "safe_name": "400_Oxygen",
  "font_name": "Oxygen Regular",
  "family_name": "Oxygen",
  "family_names": {
    "1033": "Oxygen"
  },
  "preferred_family_names": {},
  "publishers": {},
  "designers": {},
  "weight": 400,
  "weights": [
    "Weight(400)"
  ],
  "path": "/Users/mugisus/Library/Application Support/FontCluster/Generated/019bf61b-37d4-70a1-ace5-b4aaded78fab/google_fonts/Oxygen_Weight400.ttf",
  "font_index": 0,
  "computed": {
    "vector": [
      -4.3580008,
      -1.5373213
    ],
    "k": -1
  }
}