{
  "safe_name": "400_Oleo_Script",
  "font_name": "Oleo Script",
  "family_name": "Oleo Script",
  "family_names": {
    "1033": "Oleo Script"
  },
  "preferred_family_names": {},
  "publishers": {},
  "designers": {},
  "weight": 400,
  "weights": [
    "Weight(400)"
  ],
  "path": "/Users/mugisus/Library/Application Support/FontCluster/Generated/019bf61b-37d4-70a1-ace5-b4aaded78fab/google_fonts/Oleo_Script_Weight400.ttf",
  "font_index": 0,
  "computed": {
    "vector": [
      5.5852594,
      -0.26702666
    ],
    "k": 0
  }
}