{
  "safe_name": "400_Arvo",
  "font_name": "Arvo",
  "family_name": "Arvo",
  "family_names": {
    "1033": "Arvo"
  },
  "preferred_family_names": {},
  "publishers": {},
  "designers": {},
  "weight": 400,
  "weights": [
    "Weight(400)"
  ],
  "path": "/Users/mugisus/Library/Application Support/FontCluster/Generated/019bf61b-37d4-70a1-ace5-b4aaded78fab/google_fonts/Arvo_Weight400.ttf",
  "font_index": 0,
  "computed": {
    "vector": [
      -0.1483649,
      -1.7127405
    ],
    "k": 5
  }
}