{
  "safe_name": "400_Bangers",
  "font_name": "Bangers Regular",
  "family_name": "Bangers",
  "family_names": {
    "1033": "Bangers"
  },
  "preferred_family_names": {},
  "publishers": {},
  "designers": {},
  "weight": 400,
  "weights": [
    "Weight(400)"
  ],
  "path": "/Users/mugisus/Library/Application Support/FontCluster/Generated/019bf61b-37d4-70a1-ace5-b4aaded78fab/google_fonts/Bangers_Weight400.ttf",
  "font_index": 0,
  "computed": {
    "vector": [
      5.2659626,
      0.23241758
    ],
    "k": 0
  }
}