{
  "safe_name": "400_Luckiest_Guy",
  "font_name": "Luckiest Guy Regular",
  "family_name": "Luckiest Guy",
  "family_names": {
    "1033": "Luckiest Guy"
  },
  "preferred_family_names": {},
  "publishers": {},
  "designers": {},
  "weight": 400,
  "weights": [
    "Weight(400)"
  ],
  "path": "/Users/mugisus/Library/Application Support/FontCluster/Generated/019bf61b-37d4-70a1-ace5-b4aaded78fab/google_fonts/Luckiest_Guy_Weight400.ttf",
  "font_index": 0,
  "computed": {
    "vector": [
      1.9525908,
      2.8045866
    ],
    "k": 4
  }
}