{
  "safe_name": "400_Sarabun",
  "font_name": "Sarabun Regular",
  "family_name": "Sarabun",
  "family_names": {
    "1033": "Sarabun"
  },
  "preferred_family_names": {},
  "publishers": {},
  "designers": {},
  "weight": 400,
  "weights": [
    "Weight(400)"
  ],
  "path": "/Users/mugisus/Library/Application Support/FontCluster/Generated/019bf61b-37d4-70a1-ace5-b4aaded78fab/google_fonts/Sarabun_Weight400.ttf",
  "font_index": 0,
  "computed": {
    "vector": [
      -1.6973274,
      -0.5080936
    ],
    "k": 6
  }
}