{
  "safe_name": "400_Martel",
  "font_name": "Martel",
  "family_name": "Martel",
  "family_names": {
    "1033": "Martel"
  },
  "preferred_family_names": {},
  "publishers": {},
  "designers": {},
  "weight": 400,
  "weights": [
    "Weight(400)"
  ],
  "path": "/Users/mugisus/Library/Application Support/FontCluster/Generated/019bf61b-37d4-70a1-ace5-b4aaded78fab/google_fonts/Martel_Weight400.ttf",
  "font_index": 0,
  "computed": {
    "vector": [
      1.0071121,
      -1.8570217
    ],
    "k": -1
  }
}