{
  "safe_name": "400_Comic_Neue",
  "font_name": "Comic Neue Regular",
  "family_name": "Comic Neue",
  "family_names": {
    "1033": "Comic Neue"
  },
  "preferred_family_names": {},
  "publishers": {},
  "designers": {},
  "weight": 400,
  "weights": [
    "Weight(400)"
  ],
  "path": "/Users/mugisus/Library/Application Support/FontCluster/Generated/019bf61b-37d4-70a1-ace5-b4aaded78fab/google_fonts/Comic_Neue_Weight400.ttf",
  "font_index": 0,
  "computed": {
    "vector": [
      -5.2853546,
      0.16459027
    ],
    "k": 6
  }
}