{
  "safe_name": "400_Noto_Serif_KR",
  "font_name": "Noto Serif KR Regular",
  "family_name": "Noto Serif KR",
  "family_names": {
    "1033": "Noto Serif KR"
  },
  "preferred_family_names": {},
  "publishers": {},
  "designers": {},
  "weight": 400,
  "weights": [
    "Weight(400)"
  ],
  "path": "/Users/mugisus/Library/Application Support/FontCluster/Generated/019bf61b-37d4-70a1-ace5-b4aaded78fab/google_fonts/Noto_Serif_KR_Weight400.ttf",
  "font_index": 0,
  "computed": {
    "vector": [
      2.798153,
      -2.1939285
    ],
    "k": 1
  }
}