{
  "safe_name": "400_Manrope",
  "font_name": "Manrope Regular",
  "family_name": "Manrope",
  "family_names": {
    "1033": "Manrope"
  },
  "preferred_family_names": {},
  "publishers": {},
  "designers": {},
  "weight": 400,
  "weights": [
    "Weight(400)"
  ],
  "path": "/Users/mugisus/Library/Application Support/FontCluster/Generated/019bf61b-37d4-70a1-ace5-b4aaded78fab/google_fonts/Manrope_Weight400.ttf",
  "font_index": 0,
  "computed": {
    "vector": [
      -2.2740107,
      -0.37105533
    ],
    "k": 6
  }
}