{
  "safe_name": "400_Noto_Sans_Symbols",
  "font_name": "Noto Sans Symbols Regular",
  "family_name": "Noto Sans Symbols",
  "family_names": {
    "1033": "Noto Sans Symbols"
  },
  "preferred_family_names": {},
  "publishers": {},
  "designers": {},
  "weight": 400,
  "weights": [
    "Weight(400)"
  ],
  "path": "/Users/mugisus/Library/Application Support/FontCluster/Generated/019bf61b-37d4-70a1-ace5-b4aaded78fab/google_fonts/Noto_Sans_Symbols_Weight400.ttf",
  "font_index": 0,
  "computed": {
    "vector": [
      -4.0475273,
      -2.3014224
    ],
    "k": -1
  }
}