{
  "safe_name": "400_Nunito_Sans",
  "font_name": "Nunito Sans Regular",
  "family_name": "Nunito Sans",
  "family_names": {
    "1033": "Nunito Sans"
  },
  "preferred_family_names": {},
  "publishers": {},
  "designers": {},
  "weight": 400,
  "weights": [
    "Weight(400)"
  ],
  "path": "/Users/mugisus/Library/Application Support/FontCluster/Generated/019bf61b-37d4-70a1-ace5-b4aaded78fab/google_fonts/Nunito_Sans_Weight400.ttf",
  "font_index": 0,
  "computed": {
    "vector": [
      -3.358709,
      -1.1108407
    ],
    "k": 6
  }
}