{
  "safe_name": "400_Zen_Maru_Gothic",
  "font_name": "Zen Maru Gothic Regular",
  "family_name": "Zen Maru Gothic",
  "family_names": {
    "1033": "Zen Maru Gothic"
  },
  "preferred_family_names": {},
  "publishers": {},
  "designers": {},
  "weight": 400,
  "weights": [
    "Weight(400)"
  ],
  "path": "/Users/mugisus/Library/Application Support/FontCluster/Generated/019bf61b-37d4-70a1-ace5-b4aaded78fab/google_fonts/Zen_Maru_Gothic_Weight400.ttf",
  "font_index": 0,
  "computed": {
    "vector": [
      -2.8466868,
      1.9230611
    ],
    "k": -1
  }
}