{
  "safe_name": "400_Kumbh_Sans",
  "font_name": "Kumbh Sans Regular",
  "family_name": "Kumbh Sans",
  "family_names": {
    "1033": "Kumbh Sans"
  },
  "preferred_family_names": {},
  "publishers": {},
  "designers": {},
  "weight": 400,
  "weights": [
    "Weight(400)"
  ],
  "path": "/Users/mugisus/Library/Application Support/FontCluster/Generated/019bf61b-37d4-70a1-ace5-b4aaded78fab/google_fonts/Kumbh_Sans_Weight400.ttf",
  "font_index": 0,
  "computed": {
    "vector": [
      -1.3709342,
      0.9504637
    ],
    "k": -1
  }
}