{
  "safe_name": "400_Kaushan_Script",
  "font_name": "Kaushan Script",
  "family_name": "Kaushan Script",
  "family_names": {
    "1033": "Kaushan Script"
  },
  "preferred_family_names": {},
  "publishers": {},
  "designers": {},
  "weight": 400,
  "weights": [
    "Weight(400)"
  ],
  "path": "/Users/mugisus/Library/Application Support/FontCluster/Generated/019bf61b-37d4-70a1-ace5-b4aaded78fab/google_fonts/Kaushan_Script_Weight400.ttf",
  "font_index": 0,
  "computed": {
    "vector": [
      6.137394,
      -0.15172026
    ],
    "k": 0
  }
}