{
  "safe_name": "400_Play",
  "font_name": "Play Regular",
  "family_name": "Play",
  "family_names": {
    "1033": "Play"
  },
  "preferred_family_names": {},
  "publishers": {},
  "designers": {},
  "weight": 400,
  "weights": [
    "Weight(400)"
  ],
  "path": "/Users/mugisus/Library/Application Support/FontCluster/Generated/019bf61b-37d4-70a1-ace5-b4aaded78fab/google_fonts/Play_Weight400.ttf",
  "font_index": 0,
  "computed": {
    "vector": [
      -1.011254,
      2.3351033
    ],
    "k": 7
  }
}