{
  "safe_name": "400_Libre_Bodoni",
  "font_name": "Libre Bodoni Regular",
  "family_name": "Libre Bodoni",
  "family_names": {
    "1033": "Libre Bodoni"
  },
  "preferred_family_names": {},
  "publishers": {},
  "designers": {},
  "weight": 400,
  "weights": [
    "Weight(400)"
  ],
  "path": "/Users/mugisus/Library/Application Support/FontCluster/Generated/019bf61b-37d4-70a1-ace5-b4aaded78fab/google_fonts/Libre_Bodoni_Weight400.ttf",
  "font_index": 0,
  "computed": {
    "vector": [
      4.623085,
      -1.9855052
    ],
    "k": 2
  }
}