{
  "safe_name": "400_Slabo_27px",
  "font_name": "Slabo 27px",
  "family_name": "Slabo 27px",
  "family_names": {
    "1033": "Slabo 27px"
  },
  "preferred_family_names": {},
  "publishers": {},
  "designers": {},
  "weight": 400,
  "weights": [
    "Weight(400)"
  ],
  "path": "/Users/mugisus/Library/Application Support/FontCluster/Generated/019bf61b-37d4-70a1-ace5-b4aaded78fab/google_fonts/Slabo_27px_Weight400.ttf",
  "font_index": 0,
  "computed": {
    "vector": [
      3.1756485,
      -2.0767586
    ],
    "k": 1
  }
}