{
  "safe_name": "400_Chakra_Petch",
  "font_name": "Chakra Petch Regular",
  "family_name": "Chakra Petch",
  "family_names": {
    "1033": "Chakra Petch"
  },
  "preferred_family_names": {},
  "publishers": {},
  "designers": {},
  "weight": 400,
  "weights": [
    "Weight(400)"
  ],
  "path": "/Users/mugisus/Library/Application Support/FontCluster/Generated/019bf61b-37d4-70a1-ace5-b4aaded78fab/google_fonts/Chakra_Petch_Weight400.ttf",
  "font_index": 0,
  "computed": {
    "vector": [
      -0.617683,
      2.2327147
    ],
    "k": 7
  }
}