{
  "safe_name": "400_Varela_Round",
  "font_name": "Varela Round Regular",
  "family_name": "Varela Round",
  "family_names": {
    "1033": "Varela Round"
  },
  "preferred_family_names": {},
  "publishers": {},
  "designers": {},
  "weight": 400,
  "weights": [
    "Weight(400)"
  ],
  "path": "/Users/mugisus/Library/Application Support/FontCluster/Generated/019bf61b-37d4-70a1-ace5-b4aaded78fab/google_fonts/Varela_Round_Weight400.ttf",
  "font_index": 0,
  "computed": {
    "vector": [
      -4.1917715,
      0.9958836
    ],
    "k": 6
  }
}