{
  "safe_name": "400_Archivo_Narrow",
  "font_name": "Archivo Narrow Regular",
  "family_name": "Archivo Narrow",
  "family_names": {
    "1033": "Archivo Narrow"
  },
  "preferred_family_names": {},
  "publishers": {},
  "designers": {},
  "weight": 400,
  "weights": [
    "Weight(400)"
  ],
  "path": "/Users/mugisus/Library/Application Support/FontCluster/Generated/019bf61b-37d4-70a1-ace5-b4aaded78fab/google_fonts/Archivo_Narrow_Weight400.ttf",
  "font_index": 0,
  "computed": {
    "vector": [
      -4.0964813,
      0.34454626
    ],
    "k": 6
  }
}