{
  "safe_name": "400_Questrial",
  "font_name": "Questrial Regular",
  "family_name": "Questrial",
  "family_names": {
    "1033": "Questrial"
  },
  "preferred_family_names": {},
  "publishers": {},
  "designers": {},
  "weight": 400,
  "weights": [
    "Weight(400)"
  ],
  "path": "/Users/mugisus/Library/Application Support/FontCluster/Generated/019bf61b-37d4-70a1-ace5-b4aaded78fab/google_fonts/Questrial_Weight400.ttf",
  "font_index": 0,
  "computed": {
    "vector": [
      -4.791615,
      -0.2877056
    ],
    "k": 6
  }
}