{
  "safe_name": "400_Alegreya",
  "font_name": "Alegreya Regular",
  "family_name": "Alegreya",
  "family_names": {
    "1033": "Alegreya"
  },
  "preferred_family_names": {},
  "publishers": {},
  "designers": {},
  "weight": 400,
  "weights": [
    "Weight(400)"
  ],
  "path": "/Users/mugisus/Library/Application Support/FontCluster/Generated/019bf61b-37d4-70a1-ace5-b4aaded78fab/google_fonts/Alegreya_Weight400.ttf",
  "font_index": 0,
  "computed": {
    "vector": [
      4.923665,
      -2.0884817
    ],
    "k": 2
  }
}