{
  "safe_name": "400_Marcellus",
  "font_name": "Marcellus",
  "family_name": "Marcellus",
  "family_names": {
    "1033": "Marcellus"
  },
  "preferred_family_names": {},
  "publishers": {},
  "designers": {},
  "weight": 400,
  "weights": [
    "Weight(400)"
  ],
  "path": "/Users/mugisus/Library/Application Support/FontCluster/Generated/019bf61b-37d4-70a1-ace5-b4aaded78fab/google_fonts/Marcellus_Weight400.ttf",
  "font_index": 0,
  "computed": {
    "vector": [
      -0.6140989,
      -0.7472191
    ],
    "k": -1
  }
}