{
  "safe_name": "400_Cabin",
  "font_name": "Cabin Regular",
  "family_name": "Cabin",
  "family_names": {
    "1033": "Cabin"
  },
  "preferred_family_names": {},
  "publishers": {},
  "designers": {},
  "weight": 400,
  "weights": [
    "Weight(400)"
  ],
  "path": "/Users/mugisus/Library/Application Support/FontCluster/Generated/019bf61b-37d4-70a1-ace5-b4aaded78fab/google_fonts/Cabin_Weight400.ttf",
  "font_index": 0,
  "computed": {
    "vector": [
      -4.1231236,
      1.324189
    ],
    "k": 6
  }
}