{
  "safe_name": "400_Readex_Pro",
  "font_name": "Readex Pro Regular",
  "family_name": "Readex Pro",
  "family_names": {
    "1033": "Readex Pro"
  },
  "preferred_family_names": {},
  "publishers": {},
  "designers": {},
  "weight": 400,
  "weights": [
    "Weight(400)"
  ],
  "path": "/Users/mugisus/Library/Application Support/FontCluster/Generated/019bf61b-37d4-70a1-ace5-b4aaded78fab/google_fonts/Readex_Pro_Weight400.ttf",
  "font_index": 0,
  "computed": {
    "vector": [
      -5.074999,
      0.59149283
    ],
    "k": 6
  }
}