{
  "safe_name": "400_Hind_Madurai",
  "font_name": "Hind Madurai Regular",
  "family_name": "Hind Madurai",
  "family_names": {
    "1033": "Hind Madurai"
  },
  "preferred_family_names": {},
  "publishers": {},
  "designers": {},
  "weight": 400,
  "weights": [
    "Weight(400)"
  ],
  "path": "/Users/mugisus/Library/Application Support/FontCluster/Generated/019bf61b-37d4-70a1-ace5-b4aaded78fab/google_fonts/Hind_Madurai_Weight400.ttf",
  "font_index": 0,
  "computed": {
    "vector": [
      -2.1218498,
      -0.36100855
    ],
    "k": 6
  }
}