{
  "safe_name": "400_Antic_Slab",
  "font_name": "Antic Slab Regular",
  "family_name": "Antic Slab",
  "family_names": {
    "1033": "Antic Slab"
  },
  "preferred_family_names": {},
  "publishers": {},
  "designers": {},
  "weight": 400,
  "weights": [
    "Weight(400)"
  ],
  "path": "/Users/mugisus/Library/Application Support/FontCluster/Generated/019bf61b-37d4-70a1-ace5-b4aaded78fab/google_fonts/Antic_Slab_Weight400.ttf",
  "font_index": 0,
  "computed": {
    "vector": [
      -0.3298233,
      -1.493371
    ],
    "k": 5
  }
}