{
  "safe_name": "400_Hind_Siliguri",
  "font_name": "Hind Siliguri Regular",
  "family_name": "Hind Siliguri",
  "family_names": {
    "1033": "Hind Siliguri"
  },
  "preferred_family_names": {},
  "publishers": {},
  "designers": {},
  "weight": 400,
  "weights": [
    "Weight(400)"
  ],
  "path": "/Users/mugisus/Library/Application Support/FontCluster/Generated/019bf61b-37d4-70a1-ace5-b4aaded78fab/google_fonts/Hind_Siliguri_Weight400.ttf",
  "font_index": 0,
  "computed": {
    "vector": [
      -2.1091423,
      -0.3855257
    ],
    "k": 6
  }
}