{
  "safe_name": "400_News_Cycle",
  "font_name": "News Cycle",
  "family_name": "News Cycle",
  "family_names": {
    "1033": "News Cycle"
  },
  "preferred_family_names": {},
  "publishers": {},
  "designers": {},
  "weight": 400,
  "weights": [
    "Weight(400)"
  ],
  "path": "/Users/mugisus/Library/Application Support/FontCluster/Generated/019bf61b-37d4-70a1-ace5-b4aaded78fab/google_fonts/News_Cycle_Weight400.ttf",
  "font_index": 0,
  "computed": {
    "vector": [
      -3.9949803,
      -0.51332116
    ],
    "k": 6
  }
}