{
  "safe_name": "400_Signika_Negative",
  "font_name": "Signika Negative Regular",
  "family_name": "Signika Negative",
  "family_names": {
    "1033": "Signika Negative"
  },
  "preferred_family_names": {},
  "publishers": {},
  "designers": {},
  "weight": 400,
  "weights": [
    "Weight(400)"
  ],
  "path": "/Users/mugisus/Library/Application Support/FontCluster/Generated/019bf61b-37d4-70a1-ace5-b4aaded78fab/google_fonts/Signika_Negative_Weight400.ttf",
  "font_index": 0,
  "computed": {
    "vector": [
      -1.2820939,
      -0.335146
    ],
    "k": -1
  }
}