{
  "safe_name": "400_Exo",
  "font_name": "Exo Regular",
  "family_name": "Exo",
  "family_names": {
    "1033": "Exo"
  },
  "preferred_family_names": {},
  "publishers": {},
  "designers": {},
  "weight": 400,
  "weights": [
    "Weight(400)"
  ],
  "path": "/Users/mugisus/Library/Application Support/FontCluster/Generated/019bf61b-37d4-70a1-ace5-b4aaded78fab/google_fonts/Exo_Weight400.ttf",
  "font_index": 0,
  "computed": {
    "vector": [
      -2.9756746,
      0.38285178
    ],
    "k": -1
  }
}