{
  "safe_name": "400_Kalam",
  "font_name": "Kalam",
  "family_name": "Kalam",
  "family_names": {
    "1033": "Kalam"
  },
  "preferred_family_names": {},
  "publishers": {},
  "designers": {},
  "weight": 400,
  "weights": [
    "Weight(400)"
  ],
  "path": "/Users/mugisus/Library/Application Support/FontCluster/Generated/019bf61b-37d4-70a1-ace5-b4aaded78fab/google_fonts/Kalam_Weight400.ttf",
  "font_index": 0,
  "computed": {
    "vector": [
      5.5834913,
      -0.71476436
    ],
    "k": 0
  }
}