{
  "safe_name": "400_Jost",
  "font_name": "Jost Regular",
  "family_name": "Jost",
  "family_names": {
    "1033": "Jost"
  },
  "preferred_family_names": {},
  "publishers": {},
  "designers": {},
  "weight": 400,
  "weights": [
    "Weight(400)"
  ],
  "path": "/Users/mugisus/Library/Application Support/FontCluster/Generated/019bf61b-37d4-70a1-ace5-b4aaded78fab/google_fonts/Jost_Weight400.ttf",
  "font_index": 0,
  "computed": {
    "vector": [
      5.053258,
      -1.8611207
    ],
    "k": 2
  }
}