{
  "safe_name": "400_Lexend",
  "font_name": "Lexend Regular",
  "family_name": "Lexend",
  "family_names": {
    "1033": "Lexend"
  },
  "preferred_family_names": {},
  "publishers": {},
  "designers": {},
  "weight": 400,
  "weights": [
    "Weight(400)"
  ],
  "path": "/Users/mugisus/Library/Application Support/FontCluster/Generated/019bf61b-37d4-70a1-ace5-b4aaded78fab/google_fonts/Lexend_Weight400.ttf",
  "font_index": 0,
  "computed": {
    "vector": [
      -5.057225,
      0.6617806
    ],
    "k": 6
  }
}