{
  "safe_name": "400_Yantramanav",
  "font_name": "Yantramanav Regular",
  "family_name": "Yantramanav",
  "family_names": {
    "1033": "Yantramanav"
  },
  "preferred_family_names": {},
  "publishers": {},
  "designers": {},
  "weight": 400,
  "weights": [
    "Weight(400)"
  ],
  "path": "/Users/mugisus/Library/Application Support/FontCluster/Generated/019bf61b-37d4-70a1-ace5-b4aaded78fab/google_fonts/Yantramanav_Weight400.ttf",
  "font_index": 0,
  "computed": {
    "vector": [
      -4.2845106,
      -0.17756411
    ],
    "k": 6
  }
}