{
  "safe_name": "400_Quicksand",
  "font_name": "Quicksand Regular",
  "family_name": "Quicksand",
  "family_names": {
    "1033": "Quicksand"
  },
  "preferred_family_names": {},
  "publishers": {},
  "designers": {},
  "weight": 400,
  "weights": [
    "Weight(400)"
  ],
  "path": "/Users/mugisus/Library/Application Support/FontCluster/Generated/019bf61b-37d4-70a1-ace5-b4aaded78fab/google_fonts/Quicksand_Weight400.ttf",
  "font_index": 0,
  "computed": {
    "vector": [
      -5.0081296,
      1.1071844
    ],
    "k": 6
  }
}