{
  "safe_name": "400_IBM_Plex_Mono",
  "font_name": "IBM Plex Mono Regular",
  "family_name": "IBM Plex Mono",
  "family_names": {
    "1033": "IBM Plex Mono"
  },
  "preferred_family_names": {},
  "publishers": {},
  "designers": {},
  "weight": 400,
  "weights": [
    "Weight(400)"
  ],
  "path": "/Users/mugisus/Library/Application Support/FontCluster/Generated/019bf61b-37d4-70a1-ace5-b4aaded78fab/google_fonts/IBM_Plex_Mono_Weight400.ttf",
  "font_index": 0,
  "computed": {
    "vector": [
      -1.132128,
      3.4947877
    ],
    "k": 3
  }
}