{
  "safe_name": "400_Philosopher",
  "font_name": "Philosopher Regular",
  "family_name": "Philosopher",
  "family_names": {
    "1033": "Philosopher"
  },
  "preferred_family_names": {},
  "publishers": {},
  "designers": {},
  "weight": 400,
  "weights": [
    "Weight(400)"
  ],
  "path": "/Users/mugisus/Library/Application Support/FontCluster/Generated/019bf61b-37d4-70a1-ace5-b4aaded78fab/google_fonts/Philosopher_Weight400.ttf",
  "font_index": 0,
  "computed": {
    "vector": [
      -1.1120571,
      -1.2991874
    ],
    "k": -1
  }
}