{
  "safe_name": "400_Noto_Sans_Tamil",
  "font_name": "Noto Sans Tamil Regular",
  "family_name": "Noto Sans Tamil",
  "family_names": {
    "1033": "Noto Sans Tamil"
  },
  "preferred_family_names": {},
  "publishers": {},
  "designers": {},
  "weight": 400,
  "weights": [
    "Weight(400)"
  ],
  "path": "/Users/mugisus/Library/Application Support/FontCluster/Generated/019bf61b-37d4-70a1-ace5-b4aaded78fab/google_fonts/Noto_Sans_Tamil_Weight400.ttf",
  "font_index": 0,
  "computed": {
    "vector": [
      -3.9901109,
      -2.503468
    ],
    "k": -1
  }
}