{
  "safe_name": "400_Lora",
  "font_name": "Lora Regular",
  "family_name": "Lora",
  "family_names": {
    "1033": "Lora"
  },
  "preferred_family_names": {},
  "publishers": {},
  "designers": {},
  "weight": 400,
  "weights": [
    "Weight(400)"
  ],
  "path": "/Users/mugisus/Library/Application Support/FontCluster/Generated/019bf61b-37d4-70a1-ace5-b4aaded78fab/google_fonts/Lora_Weight400.ttf",
  "font_index": 0,
  "computed": {
    "vector": [
      0.42292544,
      -1.6926069
    ],
    "k": 5
  }
}