{
  "safe_name": "400_Sanchez",
  "font_name": "Sanchez",
  "family_name": "Sanchez",
  "family_names": {
    "1033": "Sanchez"
  },
  "preferred_family_names": {},
  "publishers": {},
  "designers": {},
  "weight": 400,
  "weights": [
    "Weight(400)"
  ],
  "path": "/Users/mugisus/Library/Application Support/FontCluster/Generated/019bf61b-37d4-70a1-ace5-b4aaded78fab/google_fonts/Sanchez_Weight400.ttf",
  "font_index": 0,
  "computed": {
    "vector": [
      -0.63448745,
      -0.74592566
    ],
    "k": -1
  }
}