{
  "safe_name": "400_Lobster",
  "font_name": "Lobster Regular",
  "family_name": "Lobster",
  "family_names": {
    "1033": "Lobster"
  },
  "preferred_family_names": {},
  "publishers": {},
  "designers": {},
  "weight": 400,
  "weights": [
    "Weight(400)"
  ],
  "path": "/Users/mugisus/Library/Application Support/FontCluster/Generated/019bf61b-37d4-70a1-ace5-b4aaded78fab/google_fonts/Lobster_Weight400.ttf",
  "font_index": 0,
  "computed": {
    "vector": [
      5.9819427,
      0.163701
    ],
    "k": 0
  }
}