{
  "safe_name": "400_Cinzel",
  "font_name": "Cinzel Regular",
  "family_name": "Cinzel",
  "family_names": {
    "1033": "Cinzel"
  },
  "preferred_family_names": {},
  "publishers": {},
  "designers": {},
  "weight": 400,
  "weights": [
    "Weight(400)"
  ],
  "path": "/Users/mugisus/Library/Application Support/FontCluster/Generated/019bf61b-37d4-70a1-ace5-b4aaded78fab/google_fonts/Cinzel_Weight400.ttf",
  "font_index": 0,
  "computed": {
    "vector": [
      1.9054338,
      3.3122504
    ],
    "k": -1
  }
}