{
  "safe_name": "400_IBM_Plex_Sans_Condensed",
  "font_name": "IBM Plex Sans Condensed Regular",
  "family_name": "IBM Plex Sans Condensed",
  "family_names": {
    "1033": "IBM Plex Sans Condensed"
  },
  "preferred_family_names": {},
  "publishers": {},
  "designers": {},
  "weight": 400,
  "weights": [
    "Weight(400)"
  ],
  "path": "/Users/mugisus/Library/Application Support/FontCluster/Generated/019bf61b-37d4-70a1-ace5-b4aaded78fab/google_fonts/IBM_Plex_Sans_Condensed_Weight400.ttf",
  "font_index": 0,
  "computed": {
    "vector": [
      -3.3127668,
      0.07502371
    ],
    "k": -1
  }
}