{
  "safe_name": "400_Rubik_Mono_One",
  "font_name": "Rubik Mono One Regular",
  "family_name": "Rubik Mono One",
  "family_names": {
    "1033": "Rubik Mono One"
  },
  "preferred_family_names": {},
  "publishers": {},
  "designers": {},
  "weight": 400,
  "weights": [
    "Weight(400)"
  ],
  "path": "/Users/mugisus/Library/Application Support/FontCluster/Generated/019bf61b-37d4-70a1-ace5-b4aaded78fab/google_fonts/Rubik_Mono_One_Weight400.ttf",
  "font_index": 0,
  "computed": {
    "vector": [
      1.89883,
      2.969306
    ],
    "k": 4
  }
}