{
  "safe_name": "400_Righteous",
  "font_name": "Righteous",
  "family_name": "Righteous",
  "family_names": {
    "1033": "Righteous"
  },
  "preferred_family_names": {},
  "publishers": {},
  "designers": {},
  "weight": 400,
  "weights": [
    "Weight(400)"
  ],
  "path": "/Users/mugisus/Library/Application Support/FontCluster/Generated/019bf61b-37d4-70a1-ace5-b4aaded78fab/google_fonts/Righteous_Weight400.ttf",
  "font_index": 0,
  "computed": {
    "vector": [
      -0.6549959,
      1.3879006
    ],
    "k": -1
  }
}