{
  "safe_name": "400_Nunito",
  "font_name": "Nunito Regular",
  "family_name": "Nunito",
  "family_names": {
    "1033": "Nunito"
  },
  "preferred_family_names": {},
  "publishers": {},
  "designers": {},
  "weight": 400,
  "weights": [
    "Weight(400)"
  ],
  "path": "/Users/mugisus/Library/Application Support/FontCluster/Generated/019bf61b-37d4-70a1-ace5-b4aaded78fab/google_fonts/Nunito_Weight400.ttf",
  "font_index": 0,
  "computed": {
    "vector": [
      -3.6148372,
      -1.0044588
    ],
    "k": 6
  }
}