{
  "safe_name": "400_Source_Serif_4",
  "font_name": "Source Serif 4 Regular",
  "family_name": "Source Serif 4",
  "family_names": {
    "1033": "Source Serif 4"
  },
  "preferred_family_names": {},
  "publishers": {},
  "designers": {},
  "weight": 400,
  "weights": [
    "Weight(400)"
  ],
  "path": "/Users/mugisus/Library/Application Support/FontCluster/Generated/019bf61b-37d4-70a1-ace5-b4aaded78fab/google_fonts/Source_Serif_4_Weight400.ttf",
  "font_index": 0,
  "computed": {
    "vector": [
      2.370574,
      -2.1977415
    ],
    "k": 1
  }
}