{
  "safe_name": "400_Fraunces",
  "font_name": "Fraunces Regular",
  "family_name": "Fraunces",
  "family_names": {
    "1033": "Fraunces"
  },
  "preferred_family_names": {},
  "publishers": {},
  "designers": {},
  "weight": 400,
  "weights": [
    "Weight(400)"
  ],
  "path": "/Users/mugisus/Library/Application Support/FontCluster/Generated/019bf61b-37d4-70a1-ace5-b4aaded78fab/google_fonts/Fraunces_Weight400.ttf",
  "font_index": 0,
  "computed": {
    "vector": [
      2.1005342,
      -2.4171026
    ],
    "k": 1
  }
}