{
  "safe_name": "400_Arimo",
  "font_name": "Arimo Regular",
  "family_name": "Arimo",
  "family_names": {
    "1033": "Arimo"
  },
  "preferred_family_names": {},
  "publishers": {},
  "designers": {},
  "weight": 400,
  "weights": [
    "Weight(400)"
  ],
  "path": "/Users/mugisus/Library/Application Support/FontCluster/Generated/019bf61b-37d4-70a1-ace5-b4aaded78fab/google_fonts/Arimo_Weight400.ttf",
  "font_index": 0,
  "computed": {
    "vector": [
      -4.6894913,
      0.10180324
    ],
    "k": 6
  }
}