{
  "safe_name": "400_Mitr",
  "font_name": "Mitr Regular",
  "family_name": "Mitr",
  "family_names": {
    "1033": "Mitr"
  },
  "preferred_family_names": {},
  "publishers": {},
  "designers": {},
  "weight": 400,
  "weights": [
    "Weight(400)"
  ],
  "path": "/Users/mugisus/Library/Application Support/FontCluster/Generated/019bf61b-37d4-70a1-ace5-b4aaded78fab/google_fonts/Mitr_Weight400.ttf",
  "font_index": 0,
  "computed": {
    "vector": [
      -1.1421782,
      1.1618276
    ],
    "k": -1
  }
}