{
  "safe_name": "400_Anton",
  "font_name": "Anton Regular",
  "family_name": "Anton",
  "family_names": {
    "1033": "Anton"
  },
  "preferred_family_names": {},
  "publishers": {},
  "designers": {},
  "weight": 400,
  "weights": [
    "Weight(400)"
  ],
  "path": "/Users/mugisus/Library/Application Support/FontCluster/Generated/019bf61b-37d4-70a1-ace5-b4aaded78fab/google_fonts/Anton_Weight400.ttf",
  "font_index": 0,
  "computed": {
    "vector": [
      1.5715506,
      2.3138955
    ],
    "k": 4
  }
}