{
  "safe_name": "400_Fira_Sans_Condensed",
  "font_name": "Fira Sans Condensed Regular",
  "family_name": "Fira Sans Condensed",
  "family_names": {
    "1033": "Fira Sans Condensed"
  },
  "preferred_family_names": {},
  "publishers": {},
  "designers": {},
  "weight": 400,
  "weights": [
    "Weight(400)"
  ],
  "path": "/Users/mugisus/Library/Application Support/FontCluster/Generated/019bf61b-37d4-70a1-ace5-b4aaded78fab/google_fonts/Fira_Sans_Condensed_Weight400.ttf",
  "font_index": 0,
  "computed": {
    "vector": [
      -3.428663,
      -0.037279792
    ],
    "k": 6
  }
}