{
  "safe_name": "400_Bodoni_Moda",
  "font_name": "Bodoni Moda Regular",
  "family_name": "Bodoni Moda",
  "family_names": {
    "1033": "Bodoni Moda"
  },
  "preferred_family_names": {},
  "publishers": {},
  "designers": {},
  "weight": 400,
  "weights": [
    "Weight(400)"
  ],
  "path": "/Users/mugisus/Library/Application Support/FontCluster/Generated/019bf61b-37d4-70a1-ace5-b4aaded78fab/google_fonts/Bodoni_Moda_Weight400.ttf",
  "font_index": 0,
  "computed": {
    "vector": [
      4.496757,
      -2.0075965
    ],
    "k": 2
  }
}