{
  "safe_name": "400_Share_Tech",
  "font_name": "Share Tech Regular",
  "family_name": "Share Tech",
  "family_names": {
    "1033": "Share Tech"
  },
  "preferred_family_names": {},
  "publishers": {},
  "designers": {},
  "weight": 400,
  "weights": [
    "Weight(400)"
  ],
  "path": "/Users/mugisus/Library/Application Support/FontCluster/Generated/019bf61b-37d4-70a1-ace5-b4aaded78fab/google_fonts/Share_Tech_Weight400.ttf",
  "font_index": 0,
  "computed": {
    "vector": [
      -0.89401114,
      2.305551
    ],
    "k": 7
  }
}