{
  "safe_name": "400_Abril_Fatface",
  "font_name": "Abril Fatface",
  "family_name": "Abril Fatface",
  "family_names": {
    "1033": "Abril Fatface"
  },
  "preferred_family_names": {},
  "publishers": {},
  "designers": {},
  "weight": 400,
  "weights": [
    "Weight(400)"
  ],
  "path": "/Users/mugisus/Library/Application Support/FontCluster/Generated/019bf61b-37d4-70a1-ace5-b4aaded78fab/google_fonts/Abril_Fatface_Weight400.ttf",
  "font_index": 0,
  "computed": {
    "vector": [
      4.279867,
      -0.9819006
    ],
    "k": -1
  }
}