{
  "safe_name": "400_Ramabhadra",
  "font_name": "Ramabhadra",
  "family_name": "Ramabhadra",
  "family_names": {
    "1033": "Ramabhadra"
  },
  "preferred_family_names": {},
  "publishers": {},
  "designers": {},
  "weight": 400,
  "weights": [
    "Weight(400)"
  ],
  "path": "/Users/mugisus/Library/Application Support/FontCluster/Generated/019bf61b-37d4-70a1-ace5-b4aaded78fab/google_fonts/Ramabhadra_Weight400.ttf",
  "font_index": 0,
  "computed": {
    "vector": [
      -4.854226,
      0.32037708
    ],
    "k": 6
  }
}