{
  "safe_name": "400_Crimson_Text",
  "font_name": "Crimson Text Regular",
  "family_name": "Crimson Text",
  "family_names": {
    "1033": "Crimson Text"
  },
  "preferred_family_names": {},
  "publishers": {},
  "designers": {},
  "weight": 400,
  "weights": [
    "Weight(400)"
  ],
  "path": "/Users/mugisus/Library/Application Support/FontCluster/Generated/019bf61b-37d4-70a1-ace5-b4aaded78fab/google_fonts/Crimson_Text_Weight400.ttf",
  "font_index": 0,
  "computed": {
    "vector": [
      4.7142825,
      -2.2036335
    ],
    "k": 2
  }
}