{
  "safe_name": "400_Press_Start_2P",
  "font_name": "Press Start 2P Regular",
  "family_name": "Press Start 2P",
  "family_names": {
    "1033": "Press Start 2P"
  },
  "preferred_family_names": {},
  "publishers": {},
  "designers": {},
  "weight": 400,
  "weights": [
    "Weight(400)"
  ],
  "path": "/Users/mugisus/Library/Application Support/FontCluster/Generated/019bf61b-37d4-70a1-ace5-b4aaded78fab/google_fonts/Press_Start_2P_Weight400.ttf",
  "font_index": 0,
  "computed": {
    "vector": [
      0.34962553,
      2.8944383
    ],
    "k": -1
  }
}