{
  "safe_name": "400_Barlow",
  "font_name": "Barlow Regular",
  "family_name": "Barlow",
  "family_names": {
    "1033": "Barlow"
  },
  "preferred_family_names": {},
  "publishers": {},
  "designers": {},
  "weight": 400,
  "weights": [
    "Weight(400)"
  ],
  "path": "/Users/mugisus/Library/Application Support/FontCluster/Generated/019bf61b-37d4-70a1-ace5-b4aaded78fab/google_fonts/Barlow_Weight400.ttf",
  "font_index": 0,
  "computed": {
    "vector": [
      -2.567401,
      0.692659
    ],
    "k": 6
  }
}