{
  "safe_name": "400_Bricolage_Grotesque",
  "font_name": "Bricolage Grotesque Regular",
  "family_name": "Bricolage Grotesque",
  "family_names": {
    "1033": "Bricolage Grotesque"
  },
  "preferred_family_names": {},
  "publishers": {},
  "designers": {},
  "weight": 400,
  "weights": [
    "Weight(400)"
  ],
  "path": "/Users/mugisus/Library/Application Support/FontCluster/Generated/019bf61b-37d4-70a1-ace5-b4aaded78fab/google_fonts/Bricolage_Grotesque_Weight400.ttf",
  "font_index": 0,
  "computed": {
    "vector": [
      -3.9307182,
      0.2770133
    ],
    "k": 6
  }
}