{
  "safe_name": "400_Titan_One",
  "font_name": "Titan One",
  "family_name": "Titan One",
  "family_names": {
    "1033": "Titan One"
  },
  "preferred_family_names": {},
  "publishers": {},
  "designers": {},
  "weight": 400,
  "weights": [
    "Weight(400)"
  ],
  "path": "/Users/mugisus/Library/Application Support/FontCluster/Generated/019bf61b-37d4-70a1-ace5-b4aaded78fab/google_fonts/Titan_One_Weight400.ttf",
  "font_index": 0,
  "computed": {
    "vector": [
      1.9349408,
      1.8399316
    ],
    "k": 4
  }
}