{
  "safe_name": "400_Fjalla_One",
  "font_name": "Fjalla One Regular",
  "family_name": "Fjalla One",
  "family_names": {
    "1033": "Fjalla One"
  },
  "preferred_family_names": {},
  "publishers": {},
  "designers": {},
  "weight": 400,
  "weights": [
    "Weight(400)"
  ],
  "path": "/Users/mugisus/Library/Application Support/FontCluster/Generated/019bf61b-37d4-70a1-ace5-b4aaded78fab/google_fonts/Fjalla_One_Weight400.ttf",
  "font_index": 0,
  "computed": {
    "vector": [
      1.0275627,
      2.2162907
    ],
    "k": 4
  }
}