{
  "safe_name": "400_Ubuntu_Condensed",
  "font_name": "Ubuntu Condensed",
  "family_name": "Ubuntu Condensed",
  "family_names": {
    "1033": "Ubuntu Condensed"
  },
  "preferred_family_names": {},
  "publishers": {},
  "designers": {},
  "weight": 400,
  "weights": [
    "Weight(400)"
  ],
  "path": "/Users/mugisus/Library/Application Support/FontCluster/Generated/019bf61b-37d4-70a1-ace5-b4aaded78fab/google_fonts/Ubuntu_Condensed_Weight400.ttf",
  "font_index": 0,
  "computed": {
    "vector": [
      -1.3044251,
      1.9123079
    ],
    "k": 7
  }
}