{
  "safe_name": "400_Oxanium",
  "font_name": "Oxanium Regular",
  "family_name": "Oxanium",
  "family_names": {
    "1033": "Oxanium"
  },
  "preferred_family_names": {},
  "publishers": {},
  "designers": {},
  "weight": 400,
  "weights": [
    "Weight(400)"
  ],
  "path": "/Users/mugisus/Library/Application Support/FontCluster/Generated/019bf61b-37d4-70a1-ace5-b4aaded78fab/google_fonts/Oxanium_Weight400.ttf",
  "font_index": 0,
  "computed": {
    "vector": [
      -0.48382676,
      2.4075444
    ],
    "k": -1
  }
}