{
  "safe_name": "400_Geist",
  "font_name": "Geist Regular",
  "family_name": "Geist",
  "family_names": {
    "1033": "Geist"
  },
  "preferred_family_names": {},
  "publishers": {},
  "designers": {},
  "weight": 400,
  "weights": [
    "Weight(400)"
  ],
  "path": "/Users/mugisus/Library/Application Support/FontCluster/Generated/019bf61b-37d4-70a1-ace5-b4aaded78fab/google_fonts/Geist_Weight400.ttf",
  "font_index": 0,
  "computed": {
    "vector": [
      -2.9980419,
      0.5547666
    ],
    "k": -1
  }
}