{
  "safe_name": "400_Zilla_Slab",
  "font_name": "Zilla Slab",
  "family_name": "Zilla Slab",
  "family_names": {
    "1033": "Zilla Slab"
  },
  "preferred_family_names": {},
  "publishers": {},
  "designers": {},
  "weight": 400,
  "weights": [
    "Weight(400)"
  ],
  "path": "/Users/mugisus/Library/Application Support/FontCluster/Generated/019bf61b-37d4-70a1-ace5-b4aaded78fab/google_fonts/Zilla_Slab_Weight400.ttf",
  "font_index": 0,
  "computed": {
    "vector": [
      4.5162497,
      -1.8852051
    ],
    "k": 2
  }
}