{
  "safe_name": "400_Newsreader",
  "font_name": "Newsreader Regular",
  "family_name": "Newsreader",
  "family_names": {
    "1033": "Newsreader"
  },
  "preferred_family_names": {},
  "publishers": {},
  "designers": {},
  "weight": 400,
  "weights": [
    "Weight(400)"
  ],
  "path": "/Users/mugisus/Library/Application Support/FontCluster/Generated/019bf61b-37d4-70a1-ace5-b4aaded78fab/google_fonts/Newsreader_Weight400.ttf",
  "font_index": 0,
  "computed": {
    "vector": [
      4.799165,
      -2.1636155
    ],
    "k": 2
  }
}