{
  "safe_name": "400_Space_Grotesk",
  "font_name": "Space Grotesk Regular",
  "family_name": "Space Grotesk",
  "family_names": {
    "1033": "Space Grotesk"
  },
  "preferred_family_names": {},
  "publishers": {},
  "designers": {},
  "weight": 400,
  "weights": [
    "Weight(400)"
  ],
  "path": "/Users/mugisus/Library/Application Support/FontCluster/Generated/019bf61b-37d4-70a1-ace5-b4aaded78fab/google_fonts/Space_Grotesk_Weight400.ttf",
  "font_index": 0,
  "computed": {
    "vector": [
      -2.6388118,
      1.4828588
    ],
    "k": 7
  }
}