{
  "safe_name": "400_Saira_Condensed",
  "font_name": "Saira Condensed Regular",
  "family_name": "Saira Condensed",
  "family_names": {
    "1033": "Saira Condensed"
  },
  "preferred_family_names": {},
  "publishers": {},
  "designers": {},
  "weight": 400,
  "weights": [
    "Weight(400)"
  ],
  "path": "/Users/mugisus/Library/Application Support/FontCluster/Generated/019bf61b-37d4-70a1-ace5-b4aaded78fab/google_fonts/Saira_Condensed_Weight400.ttf",
  "font_index": 0,
  "computed": {
    "vector": [
      -2.534289,
      1.9507812
    ],
    "k": -1
  }
}