{
  "safe_name": "400_Noto_Sans_TC",
  "font_name": "Noto Sans TC Regular",
  "family_name": "Noto Sans TC",
  "family_names": {
    "1033": "Noto Sans TC"
  },
  "preferred_family_names": {},
  "publishers": {},
  "designers": {},
  "weight": 400,
  "weights": [
    "Weight(400)"
  ],
  "path": "/Users/mugisus/Library/Application Support/FontCluster/Generated/019bf61b-37d4-70a1-ace5-b4aaded78fab/google_fonts/Noto_Sans_TC_Weight400.ttf",
  "font_index": 0,
  "computed": {
    "vector": [
      -1.4137273,
      -2.2474422
    ],
    "k": -1
  }
}