{
  "safe_name": "400_League_Gothic",
  "font_name": "League Gothic Regular",
  "family_name": "League Gothic",
  "family_names": {
    "1033": "League Gothic"
  },
  "preferred_family_names": {},
  "publishers": {},
  "designers": {},
  "weight": 400,
  "weights": [
    "Weight(400)"
  ],
  "path": "/Users/mugisus/Library/Application Support/FontCluster/Generated/019bf61b-37d4-70a1-ace5-b4aaded78fab/google_fonts/League_Gothic_Weight400.ttf",
  "font_index": 0,
  "computed": {
    "vector": [
      1.4803729,
      2.0056589
    ],
    "k": 4
  }
}