{
  "safe_name": "400_M_PLUS_1p",
  "font_name": "M PLUS 1p Regular",
  "family_name": "M PLUS 1p",
  "family_names": {
    "1033": "M PLUS 1p"
  },
  "preferred_family_names": {},
  "publishers": {},
  "designers": {},
  "weight": 400,
  "weights": [
    "Weight(400)"
  ],
  "path": "/Users/mugisus/Library/Application Support/FontCluster/Generated/019bf61b-37d4-70a1-ace5-b4aaded78fab/google_fonts/M_PLUS_1p_Weight400.ttf",
  "font_index": 0,
  "computed": {
    "vector": [
      -1.5272567,
      3.5246208
    ],
    "k": 3
  }
}