{
  "safe_name": "400_Signika",
  "font_name": "Signika Regular",
  "family_name": "Signika",
  "family_names": {
    "1033": "Signika"
  },
  "preferred_family_names": {},
  "publishers": {},
  "designers": {},
  "weight": 400,
  "weights": [
    "Weight(400)"
  ],
  "path": "/Users/mugisus/Library/Application Support/FontCluster/Generated/019bf61b-37d4-70a1-ace5-b4aaded78fab/google_fonts/Signika_Weight400.ttf",
  "font_index": 0,
  "computed": {
    "vector": [
      -0.9082607,
      -0.36453438
    ],
    "k": -1
  }
}