{
  "safe_name": "400_Instrument_Sans",
  "font_name": "Instrument Sans Regular",
  "family_name": "Instrument Sans",
  "family_names": {
    "1033": "Instrument Sans"
  },
  "preferred_family_names": {},
  "publishers": {},
  "designers": {},
  "weight": 400,
  "weights": [
    "Weight(400)"
  ],
  "path": "/Users/mugisus/Library/Application Support/FontCluster/Generated/019bf61b-37d4-70a1-ace5-b4aaded78fab/google_fonts/Instrument_Sans_Weight400.ttf",
  "font_index": 0,
  "computed": {
    "vector": [
      -3.1629472,
      -0.9065217
    ],
    "k": 6
  }
}