{
  "safe_name": "400_Commissioner",
  "font_name": "Commissioner Regular",
  "family_name": "Commissioner",
  "family_names": {
    "1033": "Commissioner"
  },
  "preferred_family_names": {},
  "publishers": {},
  "designers": {},
  "weight": 400,
  "weights": [
    "Weight(400)"
  ],
  "path": "/Users/mugisus/Library/Application Support/FontCluster/Generated/019bf61b-37d4-70a1-ace5-b4aaded78fab/google_fonts/Commissioner_Weight400.ttf",
  "font_index": 0,
  "computed": {
    "vector": [
      -1.7780135,
      1.9801469
    ],
    "k": 7
  }
}