{
  "safe_name": "400_Overpass",
  "font_name": "Overpass Regular",
  "family_name": "Overpass",
  "family_names": {
    "1033": "Overpass"
  },
  "preferred_family_names": {},
  "publishers": {},
  "designers": {},
  "weight": 400,
  "weights": [
    "Weight(400)"
  ],
  "path": "/Users/mugisus/Library/Application Support/FontCluster/Generated/019bf61b-37d4-70a1-ace5-b4aaded78fab/google_fonts/Overpass_Weight400.ttf",
  "font_index": 0,
  "computed": {
    "vector": [
      -2.1009943,
      -0.5973312
    ],
    "k": 6
  }
}