{
  "safe_name": "400_Domine",
  "font_name": "Domine Regular",
  "family_name": "Domine",
  "family_names": {
    "1033": "Domine"
  },
  "preferred_family_names": {},
  "publishers": {},
  "designers": {},
  "weight": 400,
  "weights": [
    "Weight(400)"
  ],
  "path": "/Users/mugisus/Library/Application Support/FontCluster/Generated/019bf61b-37d4-70a1-ace5-b4aaded78fab/google_fonts/Domine_Weight400.ttf",
  "font_index": 0,
  "computed": {
    "vector": [
      0.6531244,
      -1.5976622
    ],
    "k": 5
  }
}