{
  "safe_name": "400_Vollkorn",
  "font_name": "Vollkorn Regular",
  "family_name": "Vollkorn",
  "family_names": {
    "1033": "Vollkorn"
  },
  "preferred_family_names": {},
  "publishers": {},
  "designers": {},
  "weight": 400,
  "weights": [
    "Weight(400)"
  ],
  "path": "/Users/mugisus/Library/Application Support/FontCluster/Generated/019bf61b-37d4-70a1-ace5-b4aaded78fab/google_fonts/Vollkorn_Weight400.ttf",
  "font_index": 0,
  "computed": {
    "vector": [
      4.338188,
      -1.9135439
    ],
    "k": 2
  }
}