{
  "safe_name": "400_Plus_Jakarta_Sans",
  "font_name": "Plus Jakarta Sans Regular",
  "family_name": "Plus Jakarta Sans",
  "family_names": {
    "1033": "Plus Jakarta Sans"
  },
  "preferred_family_names": {},
  "publishers": {},
  "designers": {},
  "weight": 400,
  "weights": [
    "Weight(400)"
  ],
  "path": "/Users/mugisus/Library/Application Support/FontCluster/Generated/019bf61b-37d4-70a1-ace5-b4aaded78fab/google_fonts/Plus_Jakarta_Sans_Weight400.ttf",
  "font_index": 0,
  "computed": {
    "vector": [
      -4.9035354,
      1.0038596
    ],
    "k": 6
  }
}