{
  "safe_name": "400_Rubik",
  "font_name": "Rubik Regular",
  "family_name": "Rubik",
  "family_names": {
    "1033": "Rubik"
  },
  "preferred_family_names": {},
  "publishers": {},
  "designers": {},
  "weight": 400,
  "weights": [
    "Weight(400)"
  ],
  "path": "/Users/mugisus/Library/Application Support/FontCluster/Generated/019bf61b-37d4-70a1-ace5-b4aaded78fab/google_fonts/Rubik_Weight400.ttf",
  "font_index": 0,
  "computed": {
    "vector": [
      -2.5735433,
      -0.06081599
    ],
    "k": 6
  }
}