{
  "safe_name": "400_Libre_Franklin",
  "font_name": "Libre Franklin Regular",
  "family_name": "Libre Franklin",
  "family_names": {
    "1033": "Libre Franklin"
  },
  "preferred_family_names": {},
  "publishers": {},
  "designers": {},
  "weight": 400,
  "weights": [
    "Weight(400)"
  ],
  "path": "/Users/mugisus/Library/Application Support/FontCluster/Generated/019bf61b-37d4-70a1-ace5-b4aaded78fab/google_fonts/Libre_Franklin_Weight400.ttf",
  "font_index": 0,
  "computed": {
    "vector": [
      -4.0267544,
      0.4393599
    ],
    "k": 6
  }
}