{
  "safe_name": "400_Orbitron",
  "font_name": "Orbitron Regular",
  "family_name": "Orbitron",
  "family_names": {
    "1033": "Orbitron"
  },
  "preferred_family_names": {},
  "publishers": {},
  "designers": {},
  "weight": 400,
  "weights": [
    "Weight(400)"
  ],
  "path": "/Users/mugisus/Library/Application Support/FontCluster/Generated/019bf61b-37d4-70a1-ace5-b4aaded78fab/google_fonts/Orbitron_Weight400.ttf",
  "font_index": 0,
  "computed": {
    "vector": [
      -0.1504639,
      2.5814996
    ],
    "k": -1
  }
}