{
  "safe_name": "400_Oswald",
  "font_name": "Oswald Regular",
  "family_name": "Oswald",
  "family_names": {
    "1033": "Oswald"
  },
  "preferred_family_names": {},
  "publishers": {},
  "designers": {},
  "weight": 400,
  "weights": [
    "Weight(400)"
  ],
  "path": "/Users/mugisus/Library/Application Support/FontCluster/Generated/019bf61b-37d4-70a1-ace5-b4aaded78fab/google_fonts/Oswald_Weight400.ttf",
  "font_index": 0,
  "computed": {
    "vector": [
      0.595753,
      2.3990748
    ],
    "k": -1
  }
}