{
  "safe_name": "400_Roboto_Slab",
  "font_name": "Roboto Slab Regular",
  "family_name": "Roboto Slab",
  "family_names": {
    "1033": "Roboto Slab"
  },
  "preferred_family_names": {},
  "publishers": {},
  "designers": {},
  "weight": 400,
  "weights": [
    "Weight(400)"
  ],
  "path": "/Users/mugisus/Library/Application Support/FontCluster/Generated/019bf61b-37d4-70a1-ace5-b4aaded78fab/google_fonts/Roboto_Slab_Weight400.ttf",
  "font_index": 0,
  "computed": {
    "vector": [
      -0.36633408,
      -1.6066728
    ],
    "k": 5
  }
}