{
  "safe_name": "400_Archivo",
  "font_name": "Archivo Regular",
  "family_name": "Archivo",
  "family_names": {
    "1033": "Archivo"
  },
  "preferred_family_names": {},
  "publishers": {},
  "designers": {},
  "weight": 400,
  "weights": [
    "Weight(400)"
  ],
  "path": "/Users/mugisus/Library/Application Support/FontCluster/Generated/019bf61b-37d4-70a1-ace5-b4aaded78fab/google_fonts/Archivo_Weight400.ttf",
  "font_index": 0,
  "computed": {
    "vector": [
      -4.6257734,
      -0.15645762
    ],
    "k": 6
  }
}