{
  "safe_name": "400_Smooch_Sans",
  "font_name": "Smooch Sans Regular",
  "family_name": "Smooch Sans",
  "family_names": {
    "1033": "Smooch Sans"
  },
  "preferred_family_names": {},
  "publishers": {},
  "designers": {},
  "weight": 400,
  "weights": [
    "Weight(400)"
  ],
  "path": "/Users/mugisus/Library/Application Support/FontCluster/Generated/019bf61b-37d4-70a1-ace5-b4aaded78fab/google_fonts/Smooch_Sans_Weight400.ttf",
  "font_index": 0,
  "computed": {
    "vector": [
      -0.2992071,
      2.3711815
    ],
    "k": -1
  }
}