{
  "safe_name": "400_Figtree",
  "font_name": "Figtree Regular",
  "family_name": "Figtree",
  "family_names": {
    "1033": "Figtree"
  },
  "preferred_family_names": {},
  "publishers": {},
  "designers": {},
  "weight": 400,
  "weights": [
    "Weight(400)"
  ],
  "path": "/Users/mugisus/Library/Application Support/FontCluster/Generated/019bf61b-37d4-70a1-ace5-b4aaded78fab/google_fonts/Figtree_Weight400.ttf",
  "font_index": 0,
  "computed": {
    "vector": [
      -3.0348408,
      0.8713206
    ],
    "k": -1
  }
}