{
  "safe_name": "400_Alumni_Sans",
  "font_name": "Alumni Sans Regular",
  "family_name": "Alumni Sans",
  "family_names": {
    "1033": "Alumni Sans"
  },
  "preferred_family_names": {},
  "publishers": {},
  "designers": {},
  "weight": 400,
  "weights": [
    "Weight(400)"
  ],
  "path": "/Users/mugisus/Library/Application Support/FontCluster/Generated/019bf61b-37d4-70a1-ace5-b4aaded78fab/google_fonts/Alumni_Sans_Weight400.ttf",
  "font_index": 0,
  "computed": {
    "vector": [
      0.16517091,
      2.462624
    ],
    "k": -1
  }
}