{
  "safe_name": "400_Baloo_2",
  "font_name": "Baloo 2 Regular",
  "family_name": "Baloo 2",
  "family_names": {
    "1033": "Baloo 2"
  },
  "preferred_family_names": {},
  "publishers": {},
  "designers": {},
  "weight": 400,
  "weights": [
    "Weight(400)"
  ],
  "path": "/Users/mugisus/Library/Application Support/FontCluster/Generated/019bf61b-37d4-70a1-ace5-b4aaded78fab/google_fonts/Baloo_2_Weight400.ttf",
  "font_index": 0,
  "computed": {
    "vector": [
      -1.6295729,
      1.950058
    ],
    "k": 7
  }
}