{
  "safe_name": "400_Teko",
  "font_name": "Teko Regular",
  "family_name": "Teko",
  "family_names": {
    "1033": "Teko"
  },
  "preferred_family_names": {},
  "publishers": {},
  "designers": {},
  "weight": 400,
  "weights": [
    "Weight(400)"
  ],
  "path": "/Users/mugisus/Library/Application Support/FontCluster/Generated/019bf61b-37d4-70a1-ace5-b4aaded78fab/google_fonts/Teko_Weight400.ttf",
  "font_index": 0,
  "computed": {
    "vector": [
      0.7662679,
      2.4630716
    ],
    "k": -1
  }
}