{
  "safe_name": "400_Pacifico",
  "font_name": "Pacifico Regular",
  "family_name": "Pacifico",
  "family_names": {
    "1033": "Pacifico"
  },
  "preferred_family_names": {},
  "publishers": {},
  "designers": {},
  "weight": 400,
  "weights": [
    "Weight(400)"
  ],
  "path": "/Users/mugisus/Library/Application Support/FontCluster/Generated/019bf61b-37d4-70a1-ace5-b4aaded78fab/google_fonts/Pacifico_Weight400.ttf",
  "font_index": 0,
  "computed": {
    "vector": [
      5.9542394,
      -0.30239612
    ],
    "k": 0
  }
}