{
  "safe_name": "400_Zeyada",
  "font_name": "Zeyada",
  "family_name": "Zeyada",
  "family_names": {
    "1033": "Zeyada"
  },
  "preferred_family_names": {},
  "publishers": {},
  "designers": {},
  "weight": 400,
  "weights": [
    "Weight(400)"
  ],
  "path": "/Users/mugisus/Library/Application Support/FontCluster/Generated/019bf61b-37d4-70a1-ace5-b4aaded78fab/google_fonts/Zeyada_Weight400.ttf",
  "font_index": 0,
  "computed": {
    "vector": [
      6.064682,
      -0.09199646
    ],
    "k": 0
  }
}