{
  "safe_name": "400_DM_Sans",
  "font_name": "DM Sans Regular",
  "family_name": "DM Sans",
  "family_names": {
    "1033": "DM Sans"
  },
  "preferred_family_names": {},
  "publishers": {},
  "designers": {},
  "weight": 400,
  "weights": [
    "Weight(400)"
  ],
  "path": "/Users/mugisus/Library/Application Support/FontCluster/Generated/019bf61b-37d4-70a1-ace5-b4aaded78fab/google_fonts/DM_Sans_Weight400.ttf",
  "font_index": 0,
  "computed": {
    "vector": [
      -2.7948568,
      -1.0272352
    ],
    "k": 6
  }
}