{
  "safe_name": "400_Crimson_Pro",
  "font_name": "Crimson Pro Regular",
  "family_name": "Crimson Pro",
  "family_names": {
    "1033": "Crimson Pro"
  },
  "preferred_family_names": {},
  "publishers": {},
  "designers": {},
  "weight": 400,
  "weights": [
    "Weight(400)"
  ],
  "path": "/Users/mugisus/Library/Application Support/FontCluster/Generated/019bf61b-37d4-70a1-ace5-b4aaded78fab/google_fonts/Crimson_Pro_Weight400.ttf",
  "font_index": 0,
  "computed": {
    "vector": [
      4.820176,
      -2.0419443
    ],
    "k": 2
  }
}