{
  "safe_name": "400_Lilita_One",
  "font_name": "Lilita One",
  "family_name": "Lilita One",
  "family_names": {
    "1033": "Lilita One"
  },
  "preferred_family_names": {},
  "publishers": {},
  "designers": {},
  "weight": 400,
  "weights": [
    "Weight(400)"
  ],
  "path": "/Users/mugisus/Library/Application Support/FontCluster/Generated/019bf61b-37d4-70a1-ace5-b4aaded78fab/google_fonts/Lilita_One_Weight400.ttf",
  "font_index": 0,
  "computed": {
    "vector": [
      1.8270093,
      1.6429825
    ],
    "k": 4
  }
}