{
  "safe_name": "400_Almarai",
  "font_name": "Almarai",
  "family_name": "Almarai",
  "family_names": {
    "1033": "Almarai"
  },
  "preferred_family_names": {},
  "publishers": {},
  "designers": {},
  "weight": 400,
  "weights": [
    "Weight(400)"
  ],
  "path": "/Users/mugisus/Library/Application Support/FontCluster/Generated/019bf61b-37d4-70a1-ace5-b4aaded78fab/google_fonts/Almarai_Weight400.ttf",
  "font_index": 0,
  "computed": {
    "vector": [
      -4.332241,
      -0.5167162
    ],
    "k": 6
  }
}