{
  "safe_name": "400_ABeeZee",
  "font_name": "ABeeZee Regular",
  "family_name": "ABeeZee",
  "family_names": {
    "1033": "ABeeZee"
  },
  "preferred_family_names": {},
  "publishers": {},
  "designers": {},
  "weight": 400,
  "weights": [
    "Weight(400)"
  ],
  "path": "/Users/mugisus/Library/Application Support/FontCluster/Generated/019bf61b-37d4-70a1-ace5-b4aaded78fab/google_fonts/ABeeZee_Weight400.ttf",
  "font_index": 0,
  "computed": {
    "vector": [
      -1.9345524,
      -1.1112822
    ],
    "k": -1
  }
}