{
  "safe_name": "400_Noto_Serif",
  "font_name": "Noto Serif Regular",
  "family_name": "Noto Serif",
  "family_names": {
    "1033": "Noto Serif"
  },
  "preferred_family_names": {},
  "publishers": {},
  "designers": {},
  "weight": 400,
  "weights": [
    "Weight(400)"
  ],
  "path": "/Users/mugisus/Library/Application Support/FontCluster/Generated/019bf61b-37d4-70a1-ace5-b4aaded78fab/google_fonts/Noto_Serif_Weight400.ttf",
  "font_index": 0,
  "computed": {
    "vector": [
      0.4275348,
      -1.7548677
    ],
    "k": 5
  }
}