{
  "safe_name": "400_Roboto_Condensed",
  "font_name": "Roboto Condensed Regular",
  "family_name": "Roboto Condensed",
  "family_names": {
    "1033": "Roboto Condensed"
  },
  "preferred_family_names": {},
  "publishers": {},
  "designers": {},
  "weight": 400,
  "weights": [
    "Weight(400)"
  ],
  "path": "/Users/mugisus/Library/Application Support/FontCluster/Generated/019bf61b-37d4-70a1-ace5-b4aaded78fab/google_fonts/Roboto_Condensed_Weight400.ttf",
  "font_index": 0,
  "computed": {
    "vector": [
      -4.721643,
      1.0853969
    ],
    "k": 6
  }
}