{
  "safe_name": "400_DM_Serif_Display",
  "font_name": "DM Serif Display Regular",
  "family_name": "DM Serif Display",
  "family_names": {
    "1033": "DM Serif Display"
  },
  "preferred_family_names": {},
  "publishers": {},
  "designers": {},
  "weight": 400,
  "weights": [
    "Weight(400)"
  ],
  "path": "/Users/mugisus/Library/Application Support/FontCluster/Generated/019bf61b-37d4-70a1-ace5-b4aaded78fab/google_fonts/DM_Serif_Display_Weight400.ttf",
  "font_index": 0,
  "computed": {
    "vector": [
      2.376596,
      -1.8754557
    ],
    "k": 1
  }
}