{
  "safe_name": "400_Alfa_Slab_One",
  "font_name": "Alfa Slab One Regular",
  "family_name": "Alfa Slab One",
  "family_names": {
    "1033": "Alfa Slab One"
  },
  "preferred_family_names": {},
  "publishers": {},
  "designers": {},
  "weight": 400,
  "weights": [
    "Weight(400)"
  ],
  "path": "/Users/mugisus/Library/Application Support/FontCluster/Generated/019bf61b-37d4-70a1-ace5-b4aaded78fab/google_fonts/Alfa_Slab_One_Weight400.ttf",
  "font_index": 0,
  "computed": {
    "vector": [
      1.819047,
      1.6166183
    ],
    "k": 4
  }
}