{
  "safe_name": "400_Sen",
  "font_name": "Sen Regular",
  "family_name": "Sen",
  "family_names": {
    "1033": "Sen"
  },
  "preferred_family_names": {},
  "publishers": {},
  "designers": {},
  "weight": 400,
  "weights": [
    "Weight(400)"
  ],
  "path": "/Users/mugisus/Library/Application Support/FontCluster/Generated/019bf61b-37d4-70a1-ace5-b4aaded78fab/google_fonts/Sen_Weight400.ttf",
  "font_index": 0,
  "computed": {
    "vector": [
      -1.0485629,
      -1.3974806
    ],
    "k": -1
  }
}