{
  "safe_name": "400_PT_Sans_Narrow",
  "font_name": "PT Sans Narrow",
  "family_name": "PT Sans Narrow",
  "family_names": {
    "1033": "PT Sans Narrow"
  },
  "preferred_family_names": {},
  "publishers": {},
  "designers": {},
  "weight": 400,
  "weights": [
    "Weight(400)"
  ],
  "path": "/Users/mugisus/Library/Application Support/FontCluster/Generated/019bf61b-37d4-70a1-ace5-b4aaded78fab/google_fonts/PT_Sans_Narrow_Weight400.ttf",
  "font_index": 0,
  "computed": {
    "vector": [
      -2.4892547,
      -0.6522169
    ],
    "k": 6
  }
}