{
  "safe_name": "400_Dosis",
  "font_name": "Dosis Regular",
  "family_name": "Dosis",
  "family_names": {
    "1033": "Dosis"
  },
  "preferred_family_names": {},
  "publishers": {},
  "designers": {},
  "weight": 400,
  "weights": [
    "Weight(400)"
  ],
  "path": "/Users/mugisus/Library/Application Support/FontCluster/Generated/019bf61b-37d4-70a1-ace5-b4aaded78fab/google_fonts/Dosis_Weight400.ttf",
  "font_index": 0,
  "computed": {
    "vector": [
      4.8864455,
      -1.9185306
    ],
    "k": 2
  }
}