{
  "safe_name": "400_Russo_One",
  "font_name": "Russo One",
  "family_name": "Russo One",
  "family_names": {
    "1033": "Russo One"
  },
  "preferred_family_names": {},
  "publishers": {},
  "designers": {},
  "weight": 400,
  "weights": [
    "Weight(400)"
  ],
  "path": "/Users/mugisus/Library/Application Support/FontCluster/Generated/019bf61b-37d4-70a1-ace5-b4aaded78fab/google_fonts/Russo_One_Weight400.ttf",
  "font_index": 0,
  "computed": {
    "vector": [
      1.3245442,
      2.2672467
    ],
    "k": 4
  }
}