{
  "safe_name": "400_Advent_Pro",
  "font_name": "Advent Pro Regular",
  "family_name": "Advent Pro",
  "family_names": {
    "1033": "Advent Pro"
  },
  "preferred_family_names": {},
  "publishers": {},
  "designers": {},
  "weight": 400,
  "weights": [
    "Weight(400)"
  ],
  "path": "/Users/mugisus/Library/Application Support/FontCluster/Generated/019bf61b-37d4-70a1-ace5-b4aaded78fab/google_fonts/Advent_Pro_Weight400.ttf",
  "font_index": 0,
  "computed": {
    "vector": [
      -1.5514984,
      1.6901189
    ],
    "k": 7
  }
}