{
  "safe_name": "400_IBM_Plex_Serif",
  "font_name": "IBM Plex Serif Regular",
  "family_name": "IBM Plex Serif",
  "family_names": {
    "1033": "IBM Plex Serif"
  },
  "preferred_family_names": {},
  "publishers": {},
  "designers": {},
  "weight": 400,
  "weights": [
    "Weight(400)"
  ],
  "path": "/Users/mugisus/Library/Application Support/FontCluster/Generated/019bf61b-37d4-70a1-ace5-b4aaded78fab/google_fonts/IBM_Plex_Serif_Weight400.ttf",
  "font_index": 0,
  "computed": {
    "vector": [
      0.9311526,
      -1.8601768
    ],
    "k": -1
  }
}