{
  "safe_name": "400_NanumGothic",
  "font_name": "NanumGothic",
  "family_name": "NanumGothic",
  "family_names": {
    "1033": "NanumGothic"
  },
  "preferred_family_names": {},
  "publishers": {},
  "designers": {},
  "weight": 400,
  "weights": [
    "Weight(400)"
  ],
  "path": "/Users/mugisus/Library/Application Support/FontCluster/Generated/019bf61b-37d4-70a1-ace5-b4aaded78fab/google_fonts/Nanum_Gothic_Weight400.ttf",
  "font_index": 0,
  "computed": {
    "vector": [
      -4.6673365,
      1.0067482
    ],
    "k": 6
  }
}