{
  "safe_name": "400_Sofia_Sans",
  "font_name": "Sofia Sans Regular",
  "family_name": "Sofia Sans",
  "family_names": {
    "1033": "Sofia Sans"
  },
  "preferred_family_names": {},
  "publishers": {},
  "designers": {},
  "weight": 400,
  "weights": [
    "Weight(400)"
  ],
  "path": "/Users/mugisus/Library/Application Support/FontCluster/Generated/019bf61b-37d4-70a1-ace5-b4aaded78fab/google_fonts/Sofia_Sans_Weight400.ttf",
  "font_index": 0,
  "computed": {
    "vector": [
      -1.7533803,
      0.57447916
    ],
    "k": -1
  }
}