{
  "safe_name": "400_Rokkitt",
  "font_name": "Rokkitt Regular",
  "family_name": "Rokkitt",
  "family_names": {
    "1033": "Rokkitt"
  },
  "preferred_family_names": {},
  "publishers": {},
  "designers": {},
  "weight": 400,
  "weights": [
    "Weight(400)"
  ],
  "path": "/Users/mugisus/Library/Application Support/FontCluster/Generated/019bf61b-37d4-70a1-ace5-b4aaded78fab/google_fonts/Rokkitt_Weight400.ttf",
  "font_index": 0,
  "computed": {
    "vector": [
      -0.15764423,
      -1.5789747
    ],
    "k": 5
  }
}