{
  "safe_name": "400_Heebo",
  "font_name": "Heebo Regular",
  "family_name": "Heebo",
  "family_names": {
    "1033": "Heebo"
  },
  "preferred_family_names": {},
  "publishers": {},
  "designers": {},
  "weight": 400,
  "weights": [
    "Weight(400)"
  ],
  "path": "/Users/mugisus/Library/Application Support/FontCluster/Generated/019bf61b-37d4-70a1-ace5-b4aaded78fab/google_fonts/Heebo_Weight400.ttf",
  "font_index": 0,
  "computed": {
    "vector": [
      -5.1252756,
      0.7957835
    ],
    "k": 6
  }
}