{
  "safe_name": "400_Spectral",
  "font_name": "Spectral Regular",
  "family_name": "Spectral",
  "family_names": {
    "1033": "Spectral"
  },
  "preferred_family_names": {},
  "publishers": {},
  "designers": {},
  "weight": 400,
  "weights": [
    "Weight(400)"
  ],
  "path": "/Users/mugisus/Library/Application Support/FontCluster/Generated/019bf61b-37d4-70a1-ace5-b4aaded78fab/google_fonts/Spectral_Weight400.ttf",
  "font_index": 0,
  "computed": {
    "vector": [
      4.723688,
      -2.0995963
    ],
    "k": 2
  }
}