{
  "safe_name": "400_DM_Mono",
  "font_name": "DM Mono Regular",
  "family_name": "DM Mono",
  "family_names": {
    "1033": "DM Mono"
  },
  "preferred_family_names": {},
  "publishers": {},
  "designers": {},
  "weight": 400,
  "weights": [
    "Weight(400)"
  ],
  "path": "/Users/mugisus/Library/Application Support/FontCluster/Generated/019bf61b-37d4-70a1-ace5-b4aaded78fab/google_fonts/DM_Mono_Weight400.ttf",
  "font_index": 0,
  "computed": {
    "vector": [
      -0.61298805,
      3.4315279
    ],
    "k": 3
  }
}