{
  "safe_name": "400_IBM_Plex_Sans",
  "font_name": "IBM Plex Sans Regular",
  "family_name": "IBM Plex Sans",
  "family_names": {
    "1033": "IBM Plex Sans"
  },
  "preferred_family_names": {},
  "publishers": {},
  "designers": {},
  "weight": 400,
  "weights": [
    "Weight(400)"
  ],
  "path": "/Users/mugisus/Library/Application Support/FontCluster/Generated/019bf61b-37d4-70a1-ace5-b4aaded78fab/google_fonts/IBM_Plex_Sans_Weight400.ttf",
  "font_index": 0,
  "computed": {
    "vector": [
      -3.4880428,
      -0.4161699
    ],
    "k": 6
  }
}