{
  "safe_name": "400_Hind",
  "font_name": "Hind Regular",
  "family_name": "Hind",
  "family_names": {
    "1033": "Hind"
  },
  "preferred_family_names": {},
  "publishers": {},
  "designers": {},
  "weight": 400,
  "weights": [
    "Weight(400)"
  ],
  "path": "/Users/mugisus/Library/Application Support/FontCluster/Generated/019bf61b-37d4-70a1-ace5-b4aaded78fab/google_fonts/Hind_Weight400.ttf",
  "font_index": 0,
  "computed": {
    "vector": [
      -2.1050842,
      -0.29275358
    ],
    "k": 6
  }
}