{
  "safe_name": "400_Sawarabi_Mincho",
  "font_name": "Sawarabi Mincho Regular",
  "family_name": "Sawarabi Mincho",
  "family_names": {
    "1033": "Sawarabi Mincho"
  },
  "preferred_family_names": {},
  "publishers": {},
  "designers": {},
  "weight": 400,
  "weights": [
    "Weight(400)"
  ],
  "path": "/Users/mugisus/Library/Application Support/FontCluster/Generated/019bf61b-37d4-70a1-ace5-b4aaded78fab/google_fonts/Sawarabi_Mincho_Weight400.ttf",
  "font_index": 0,
  "computed": {
    "vector": [
      3.5253935,
      -2.1020353
    ],
    "k": 1
  }
}