{
  "safe_name": "400_Rajdhani",
  "font_name": "Rajdhani Regular",
  "family_name": "Rajdhani",
  "family_names": {
    "1033": "Rajdhani"
  },
  "preferred_family_names": {},
  "publishers": {},
  "designers": {},
  "weight": 400,
  "weights": [
    "Weight(400)"
  ],
  "path": "/Users/mugisus/Library/Application Support/FontCluster/Generated/019bf61b-37d4-70a1-ace5-b4aaded78fab/google_fonts/Rajdhani_Weight400.ttf",
  "font_index": 0,
  "computed": {
    "vector": [
      -1.3035598,
      2.0687513
    ],
    "k": 7
  }
}