{
  "safe_name": "400_Lobster_Two",
  "font_name": "Lobster Two",
  "family_name": "Lobster Two",
  "family_names": {
    "1033": "Lobster Two"
  },
  "preferred_family_names": {},
  "publishers": {},
  "designers": {},
  "weight": 400,
  "weights": [
    "Weight(400)"
  ],
  "path": "/Users/mugisus/Library/Application Support/FontCluster/Generated/019bf61b-37d4-70a1-ace5-b4aaded78fab/google_fonts/Lobster_Two_Weight400.ttf",
  "font_index": 0,
  "computed": {
    "vector": [
      0.26191145,
      1.7389369
    ],
    "k": -1
  }
}