{
  "safe_name": "400_Catamaran",
  "font_name": "Catamaran Regular",
  "family_name": "Catamaran",
  "family_names": {
    "1033": "Catamaran"
  },
  "preferred_family_names": {},
  "publishers": {},
  "designers": {},
  "weight": 400,
  "weights": [
    "Weight(400)"
  ],
  "path": "/Users/mugisus/Library/Application Support/FontCluster/Generated/019bf61b-37d4-70a1-ace5-b4aaded78fab/google_fonts/Catamaran_Weight400.ttf",
  "font_index": 0,
  "computed": {
    "vector": [
      -4.186629,
      -0.48647615
    ],
    "k": 6
  }
}