{
  "safe_name": "400_Archivo_Black",
  "font_name": "Archivo Black Regular",
  "family_name": "Archivo Black",
  "family_names": {
    "1033": "Archivo Black"
  },
  "preferred_family_names": {},
  "publishers": {},
  "designers": {},
  "weight": 400,
  "weights": [
    "Weight(400)"
  ],
  "path": "/Users/mugisus/Library/Application Support/FontCluster/Generated/019bf61b-37d4-70a1-ace5-b4aaded78fab/google_fonts/Archivo_Black_Weight400.ttf",
  "font_index": 0,
  "computed": {
    "vector": [
      1.5450217,
      1.7403055
    ],
    "k": 4
  }
}