{
  "safe_name": "400_Outfit",
  "font_name": "Outfit Regular",
  "family_name": "Outfit",
  "family_names": {
    "1033": "Outfit"
  },
  "preferred_family_names": {},
  "publishers": {},
  "designers": {},
  "weight": 400,
  "weights": [
    "Weight(400)"
  ],
  "path": "/Users/mugisus/Library/Application Support/FontCluster/Generated/019bf61b-37d4-70a1-ace5-b4aaded78fab/google_fonts/Outfit_Weight400.ttf",
  "font_index": 0,
  "computed": {
    "vector": [
      3.2797828,
      -2.2264743
    ],
    "k": 1
  }
}