{
  "safe_name": "400_Crete_Round",
  "font_name": "Crete Round",
  "family_name": "Crete Round",
  "family_names": {
    "1033": "Crete Round"
  },
  "preferred_family_names": {},
  "publishers": {},
  "designers": {},
  "weight": 400,
  "weights": [
    "Weight(400)"
  ],
  "path": "/Users/mugisus/Library/Application Support/FontCluster/Generated/019bf61b-37d4-70a1-ace5-b4aaded78fab/google_fonts/Crete_Round_Weight400.ttf",
  "font_index": 0,
  "computed": {
    "vector": [
      0.23259805,
      -0.12435641
    ],
    "k": -1
  }
}