{
  "safe_name": "400_Abel",
  "font_name": "Abel Regular",
  "family_name": "Abel",
  "family_names": {
    "1033": "Abel"
  },
  "preferred_family_names": {},
  "publishers": {},
  "designers": {},
  "weight": 400,
  "weights": [
    "Weight(400)"
  ],
  "path": "/Users/mugisus/Library/Application Support/FontCluster/Generated/019bf61b-37d4-70a1-ace5-b4aaded78fab/google_fonts/Abel_Weight400.ttf",
  "font_index": 0,
  "computed": {
    "vector": [
      -0.69427335,
      2.6242423
    ],
    "k": -1
  }
}