{
  "safe_name": "400_Patua_One",
  "font_name": "Patua One",
  "family_name": "Patua One",
  "family_names": {
    "1033": "Patua One"
  },
  "preferred_family_names": {},
  "publishers": {},
  "designers": {},
  "weight": 400,
  "weights": [
    "Weight(400)"
  ],
  "path": "/Users/mugisus/Library/Application Support/FontCluster/Generated/019bf61b-37d4-70a1-ace5-b4aaded78fab/google_fonts/Patua_One_Weight400.ttf",
  "font_index": 0,
  "computed": {
    "vector": [
      1.5599537,
      0.20511772
    ],
    "k": -1
  }
}