{
  "safe_name": "400_BIZ_UDPGothic",
  "font_name": "BIZ UDPGothic",
  "family_name": "BIZ UDPGothic",
  "family_names": {
    "1033": "BIZ UDPGothic"
  },
  "preferred_family_names": {},
  "publishers": {},
  "designers": {},
  "weight": 400,
  "weights": [
    "Weight(400)"
  ],
  "path": "/Users/mugisus/Library/Application Support/FontCluster/Generated/019bf61b-37d4-70a1-ace5-b4aaded78fab/google_fonts/BIZ_UDPGothic_Weight400.ttf",
  "font_index": 0,
  "computed": {
    "vector": [
      -3.7409687,
      1.2518278
    ],
    "k": -1
  }
}