{
  "safe_name": "400_Roboto_Flex",
  "font_name": "Roboto Flex Regular",
  "family_name": "Roboto Flex",
  "family_names": {
    "1033": "Roboto Flex"
  },
  "preferred_family_names": {},
  "publishers": {},
  "designers": {},
  "weight": 400,
  "weights": [
    "Weight(400)"
  ],
  "path": "/Users/mugisus/Library/Application Support/FontCluster/Generated/019bf61b-37d4-70a1-ace5-b4aaded78fab/google_fonts/Roboto_Flex_Weight400.ttf",
  "font_index": 0,
  "computed": {
    "vector": [
      -4.4863925,
      -0.32494944
    ],
    "k": 6
  }
}