{
  "safe_name": "400_STIX_Two_Text",
  "font_name": "STIX Two Text Regular",
  "family_name": "STIX Two Text",
  "family_names": {
    "1033": "STIX Two Text"
  },
  "preferred_family_names": {},
  "publishers": {},
  "designers": {},
  "weight": 400,
  "weights": [
    "Weight(400)"
  ],
  "path": "/Users/mugisus/Library/Application Support/FontCluster/Generated/019bf61b-37d4-70a1-ace5-b4aaded78fab/google_fonts/STIX_Two_Text_Weight400.ttf",
  "font_index": 0,
  "computed": {
    "vector": [
      2.0648918,
      -2.003726
    ],
    "k": 1
  }
}