{
  "safe_name": "400_Gruppo",
  "font_name": "Gruppo Regular",
  "family_name": "Gruppo",
  "family_names": {
    "1033": "Gruppo"
  },
  "preferred_family_names": {},
  "publishers": {},
  "designers": {},
  "weight": 400,
  "weights": [
    "Weight(400)"
  ],
  "path": "/Users/mugisus/Library/Application Support/FontCluster/Generated/019bf61b-37d4-70a1-ace5-b4aaded78fab/google_fonts/Gruppo_Weight400.ttf",
  "font_index": 0,
  "computed": {
    "vector": [
      -4.0802875,
      2.0878184
    ],
    "k": -1
  }
}