{
  "safe_name": "400_Mulish",
  "font_name": "Mulish Regular",
  "family_name": "Mulish",
  "family_names": {
    "1033": "Mulish"
  },
  "preferred_family_names": {},
  "publishers": {},
  "designers": {},
  "weight": 400,
  "weights": [
    "Weight(400)"
  ],
  "path": "/Users/mugisus/Library/Application Support/FontCluster/Generated/019bf61b-37d4-70a1-ace5-b4aaded78fab/google_fonts/Mulish_Weight400.ttf",
  "font_index": 0,
  "computed": {
    "vector": [
      -3.212595,
      -1.0622153
    ],
    "k": 6
  }
}