{
  "safe_name": "400_Gravitas_One",
  "font_name": "Gravitas One",
  "family_name": "Gravitas One",
  "family_names": {
    "1033": "Gravitas One"
  },
  "preferred_family_names": {},
  "publishers": {},
  "designers": {},
  "weight": 400,
  "weights": [
    "Weight(400)"
  ],
  "path": "/Users/mugisus/Library/Application Support/FontCluster/Generated/019bf61b-37d4-70a1-ace5-b4aaded78fab/google_fonts/Gravitas_One_Weight400.ttf",
  "font_index": 0,
  "computed": {
    "vector": [
      1.7582265,
      1.8150561
    ],
    "k": 4
  }
}