{
  "safe_name": "400_Amatic_SC",
  "font_name": "Amatic SC Regular",
  "family_name": "Amatic SC",
  "family_names": {
    "1033": "Amatic SC"
  },
  "preferred_family_names": {},
  "publishers": {},
  "designers": {},
  "weight": 400,
  "weights": [
    "Weight(400)"
  ],
  "path": "/Users/mugisus/Library/Application Support/FontCluster/Generated/019bf61b-37d4-70a1-ace5-b4aaded78fab/google_fonts/Amatic_SC_Weight400.ttf",
  "font_index": 0,
  "computed": {
    "vector": [
      1.9423492,
      3.3725908
    ],
    "k": -1
  }
}