{
  "safe_name": "400_Sora",
  "font_name": "Sora Regular",
  "family_name": "Sora",
  "family_names": {
    "1033": "Sora"
  },
  "preferred_family_names": {},
  "publishers": {},
  "designers": {},
  "weight": 400,
  "weights": [
    "Weight(400)"
  ],
  "path": "/Users/mugisus/Library/Application Support/FontCluster/Generated/019bf61b-37d4-70a1-ace5-b4aaded78fab/google_fonts/Sora_Weight400.ttf",
  "font_index": 0,
  "computed": {
    "vector": [
      -2.4927983,
      0.045329154
    ],
    "k": 6
  }
}