{
  "safe_name": "400_Eczar",
  "font_name": "Eczar Regular",
  "family_name": "Eczar",
  "family_names": {
    "1033": "Eczar"
  },
  "preferred_family_names": {},
  "publishers": {},
  "designers": {},
  "weight": 400,
  "weights": [
    "Weight(400)"
  ],
  "path": "/Users/mugisus/Library/Application Support/FontCluster/Generated/019bf61b-37d4-70a1-ace5-b4aaded78fab/google_fonts/Eczar_Weight400.ttf",
  "font_index": 0,
  "computed": {
    "vector": [
      1.1752226,
      -1.7889472
    ],
    "k": -1
  }
}