{
  "safe_name": "400_Unbounded",
  "font_name": "Unbounded Regular",
  "family_name": "Unbounded",
  "family_names": {
    "1033": "Unbounded"
  },
  "preferred_family_names": {},
  "publishers": {},
  "designers": {},
  "weight": 400,
  "weights": [
    "Weight(400)"
  ],
  "path": "/Users/mugisus/Library/Application Support/FontCluster/Generated/019bf61b-37d4-70a1-ace5-b4aaded78fab/google_fonts/Unbounded_Weight400.ttf",
  "font_index": 0,
  "computed": {
    "vector": [
      -1.6331888,
      0.38710526
    ],
    "k": -1
  }
}