{
  "safe_name": "400_Asap",
  "font_name": "Asap Regular",
  "family_name": "Asap",
  "family_names": {
    "1033": "Asap"
  },
  "preferred_family_names": {},
  "publishers": {},
  "designers": {},
  "weight": 400,
  "weights": [
    "Weight(400)"
  ],
  "path": "/Users/mugisus/Library/Application Support/FontCluster/Generated/019bf61b-37d4-70a1-ace5-b4aaded78fab/google_fonts/Asap_Weight400.ttf",
  "font_index": 0,
  "computed": {
    "vector": [
      -4.341373,
      0.4307328
    ],
    "k": 6
  }
}