{
  "safe_name": "400_Fira_Sans",
  "font_name": "Fira Sans Regular",
  "family_name": "Fira Sans",
  "family_names": {
    "1033": "Fira Sans"
  },
  "preferred_family_names": {},
  "publishers": {},
  "designers": {},
  "weight": 400,
  "weights": [
    "Weight(400)"
  ],
  "path": "/Users/mugisus/Library/Application Support/FontCluster/Generated/019bf61b-37d4-70a1-ace5-b4aaded78fab/google_fonts/Fira_Sans_Weight400.ttf",
  "font_index": 0,
  "computed": {
    "vector": [
      -2.7473571,
      -0.70254564
    ],
    "k": 6
  }
}