{
  "safe_name": "400_Cormorant",
  "font_name": "Cormorant Regular",
  "family_name": "Cormorant",
  "family_names": {
    "1033": "Cormorant"
  },
  "preferred_family_names": {},
  "publishers": {},
  "designers": {},
  "weight": 400,
  "weights": [
    "Weight(400)"
  ],
  "path": "/Users/mugisus/Library/Application Support/FontCluster/Generated/019bf61b-37d4-70a1-ace5-b4aaded78fab/google_fonts/Cormorant_Weight400.ttf",
  "font_index": 0,
  "computed": {
    "vector": [
      5.0599046,
      -1.8459929
    ],
    "k": 2
  }
}