{
  "safe_name": "400_Libre_Barcode_39",
  "font_name": "Libre Barcode 39 Regular",
  "family_name": "Libre Barcode 39",
  "family_names": {
    "1033": "Libre Barcode 39"
  },
  "preferred_family_names": {},
  "publishers": {},
  "designers": {},
  "weight": 400,
  "weights": [
    "Weight(400)"
  ],
  "path": "/Users/mugisus/Library/Application Support/FontCluster/Generated/019bf61b-37d4-70a1-ace5-b4aaded78fab/google_fonts/Libre_Barcode_39_Weight400.ttf",
  "font_index": 0,
  "computed": {
    "vector": [
      1.7274351,
      3.0236597
    ],
    "k": 4
  }
}