{
  "safe_name": "400_Aleo",
  "font_name": "Aleo Regular",
  "family_name": "Aleo",
  "family_names": {
    "1033": "Aleo"
  },
  "preferred_family_names": {},
  "publishers": {},
  "designers": {},
  "weight": 400,
  "weights": [
    "Weight(400)"
  ],
  "path": "/Users/mugisus/Library/Application Support/FontCluster/Generated/019bf61b-37d4-70a1-ace5-b4aaded78fab/google_fonts/Aleo_Weight400.ttf",
  "font_index": 0,
  "computed": {
    "vector": [
      -0.7831506,
      -1.7071224
    ],
    "k": 5
  }
}