{
  "safe_name": "400_Cairo",
  "font_name": "Cairo Regular",
  "family_name": "Cairo",
  "family_names": {
    "1033": "Cairo"
  },
  "preferred_family_names": {},
  "publishers": {},
  "designers": {},
  "weight": 400,
  "weights": [
    "Weight(400)"
  ],
  "path": "/Users/mugisus/Library/Application Support/FontCluster/Generated/019bf61b-37d4-70a1-ace5-b4aaded78fab/google_fonts/Cairo_Weight400.ttf",
  "font_index": 0,
  "computed": {
    "vector": [
      -1.8866676,
      0.8829548
    ],
    "k": -1
  }
}