{
  "safe_name": "400_Noto_Sans",
  "font_name": "Noto Sans Regular",
  "family_name": "Noto Sans",
  "family_names": {
    "1033": "Noto Sans"
  },
  "preferred_family_names": {},
  "publishers": {},
  "designers": {},
  "weight": 400,
  "weights": [
    "Weight(400)"
  ],
  "path": "/Users/mugisus/Library/Application Support/FontCluster/Generated/019bf61b-37d4-70a1-ace5-b4aaded78fab/google_fonts/Noto_Sans_Weight400.ttf",
  "font_index": 0,
  "computed": {
    "vector": [
      -3.9891915,
      -2.3955758
    ],
    "k": -1
  }
}