{
  "safe_name": "400_Rowdies",
  "font_name": "Rowdies Regular",
  "family_name": "Rowdies",
  "family_names": {
    "1033": "Rowdies"
  },
  "preferred_family_names": {},
  "publishers": {},
  "designers": {},
  "weight": 400,
  "weights": [
    "Weight(400)"
  ],
  "path": "/Users/mugisus/Library/Application Support/FontCluster/Generated/019bf61b-37d4-70a1-ace5-b4aaded78fab/google_fonts/Rowdies_Weight400.ttf",
  "font_index": 0,
  "computed": {
    "vector": [
      3.9311063,
      -0.65613514
    ],
    "k": -1
  }
}