{
  "safe_name": "400_Rammetto_One",
  "font_name": "Rammetto One Regular",
  "family_name": "Rammetto One",
  "family_names": {
    "1033": "Rammetto One"
  },
  "preferred_family_names": {},
  "publishers": {},
  "designers": {},
  "weight": 400,
  "weights": [
    "Weight(400)"
  ],
  "path": "/Users/mugisus/Library/Application Support/FontCluster/Generated/019bf61b-37d4-70a1-ace5-b4aaded78fab/google_fonts/Rammetto_One_Weight400.ttf",
  "font_index": 0,
  "computed": {
    "vector": [
      1.7477535,
      1.7185484
    ],
    "k": 4
  }
}