{
  "safe_name": "400_Prata",
  "font_name": "Prata Regular",
  "family_name": "Prata",
  "family_names": {
    "1033": "Prata"
  },
  "preferred_family_names": {},
  "publishers": {},
  "designers": {},
  "weight": 400,
  "weights": [
    "Weight(400)"
  ],
  "path": "/Users/mugisus/Library/Application Support/FontCluster/Generated/019bf61b-37d4-70a1-ace5-b4aaded78fab/google_fonts/Prata_Weight400.ttf",
  "font_index": 0,
  "computed": {
    "vector": [
      2.8678906,
      -2.130432
    ],
    "k": 1
  }
}