{
  "safe_name": "400_Cormorant_Garamond",
  "font_name": "Cormorant Garamond Regular",
  "family_name": "Cormorant Garamond",
  "family_names": {
    "1033": "Cormorant Garamond"
  },
  "preferred_family_names": {},
  "publishers": {},
  "designers": {},
  "weight": 400,
  "weights": [
    "Weight(400)"
  ],
  "path": "/Users/mugisus/Library/Application Support/FontCluster/Generated/019bf61b-37d4-70a1-ace5-b4aaded78fab/google_fonts/Cormorant_Garamond_Weight400.ttf",
  "font_index": 0,
  "computed": {
    "vector": [
      5.093399,
      -1.9069269
    ],
    "k": 2
  }
}