{
  "safe_name": "400_Shippori_Mincho",
  "font_name": "Shippori Mincho Regular",
  "family_name": "Shippori Mincho",
  "family_names": {
    "1033": "Shippori Mincho"
  },
  "preferred_family_names": {},
  "publishers": {},
  "designers": {},
  "weight": 400,
  "weights": [
    "Weight(400)"
  ],
  "path": "/Users/mugisus/Library/Application Support/FontCluster/Generated/019bf61b-37d4-70a1-ace5-b4aaded78fab/google_fonts/Shippori_Mincho_Weight400.ttf",
  "font_index": 0,
  "computed": {
    "vector": [
      2.4019058,
      -2.227101
    ],
    "k": 1
  }
}