{
  "safe_name": "400_Sawarabi_Gothic",
  "font_name": "Sawarabi Gothic",
  "family_name": "Sawarabi Gothic",
  "family_names": {
    "1033": "Sawarabi Gothic"
  },
  "preferred_family_names": {},
  "publishers": {},
  "designers": {},
  "weight": 400,
  "weights": [
    "Weight(400)"
  ],
  "path": "/Users/mugisus/Library/Application Support/FontCluster/Generated/019bf61b-37d4-70a1-ace5-b4aaded78fab/google_fonts/Sawarabi_Gothic_Weight400.ttf",
  "font_index": 0,
  "computed": {
    "vector": [
      -4.239112,
      0.9949477
    ],
    "k": 6
  }
}