{
  "safe_name": "400_Raleway",
  "font_name": "Raleway Regular",
  "family_name": "Raleway",
  "family_names": {
    "1033": "Raleway"
  },
  "preferred_family_names": {},
  "publishers": {},
  "designers": {},
  "weight": 400,
  "weights": [
    "Weight(400)"
  ],
  "path": "/Users/mugisus/Library/Application Support/FontCluster/Generated/019bf61b-37d4-70a1-ace5-b4aaded78fab/google_fonts/Raleway_Weight400.ttf",
  "font_index": 0,
  "computed": {
    "vector": [
      -5.0137763,
      0.42667612
    ],
    "k": 6
  }
}