{
  "safe_name": "400_Open_Sans",
  "font_name": "Open Sans Regular",
  "family_name": "Open Sans",
  "family_names": {
    "1033": "Open Sans"
  },
  "preferred_family_names": {},
  "publishers": {},
  "designers": {},
  "weight": 400,
  "weights": [
    "Weight(400)"
  ],
  "path": "/Users/mugisus/Library/Application Support/FontCluster/Generated/019bf61b-37d4-70a1-ace5-b4aaded78fab/google_fonts/Open_Sans_Weight400.ttf",
  "font_index": 0,
  "computed": {
    "vector": [
      -4.264396,
      -1.9127991
    ],
    "k": -1
  }
}