{
  "safe_name": "400_Comfortaa",
  "font_name": "Comfortaa Regular",
  "family_name": "Comfortaa",
  "family_names": {
    "1033": "Comfortaa"
  },
  "preferred_family_names": {},
  "publishers": {},
  "designers": {},
  "weight": 400,
  "weights": [
    "Weight(400)"
  ],
  "path": "/Users/mugisus/Library/Application Support/FontCluster/Generated/019bf61b-37d4-70a1-ace5-b4aaded78fab/google_fonts/Comfortaa_Weight400.ttf",
  "font_index": 0,
  "computed": {
    "vector": [
      -3.4933517,
      -0.75100344
    ],
    "k": 6
  }
}