{
  "safe_name": "400_Noto_Sans_SC",
  "font_name": "Noto Sans SC Regular",
  "family_name": "Noto Sans SC",
  "family_names": {
    "1033": "Noto Sans SC"
  },
  "preferred_family_names": {},
  "publishers": {},
  "designers": {},
  "weight": 400,
  "weights": [
    "Weight(400)"
  ],
  "path": "/Users/mugisus/Library/Application Support/FontCluster/Generated/019bf61b-37d4-70a1-ace5-b4aaded78fab/google_fonts/Noto_Sans_SC_Weight400.ttf",
  "font_index": 0,
  "computed": {
    "vector": [
      -1.4472893,
      -2.3857648
    ],
    "k": -1
  }
}