{
  "safe_name": "400_Source_Sans_3",
  "font_name": "Source Sans 3 Regular",
  "family_name": "Source Sans 3",
  "family_names": {
    "1033": "Source Sans 3"
  },
  "preferred_family_names": {},
  "publishers": {},
  "designers": {},
  "weight": 400,
  "weights": [
    "Weight(400)"
  ],
  "path": "/Users/mugisus/Library/Application Support/FontCluster/Generated/019bf61b-37d4-70a1-ace5-b4aaded78fab/google_fonts/Source_Sans_3_Weight400.ttf",
  "font_index": 0,
  "computed": {
    "vector": [
      -1.451888,
      -2.1460052
    ],
    "k": -1
  }
}