{
  "safe_name": "400_Urbanist",
  "font_name": "Urbanist Regular",
  "family_name": "Urbanist",
  "family_names": {
    "1033": "Urbanist"
  },
  "preferred_family_names": {},
  "publishers": {},
  "designers": {},
  "weight": 400,
  "weights": [
    "Weight(400)"
  ],
  "path": "/Users/mugisus/Library/Application Support/FontCluster/Generated/019bf61b-37d4-70a1-ace5-b4aaded78fab/google_fonts/Urbanist_Weight400.ttf",
  "font_index": 0,
  "computed": {
    "vector": [
      -4.592574,
      1.8925662
    ],
    "k": -1
  }
}