{
  "safe_name": "400_Changa_One",
  "font_name": "Changa One",
  "family_name": "Changa One",
  "family_names": {
    "1033": "Changa One"
  },
  "preferred_family_names": {},
  "publishers": {},
  "designers": {},
  "weight": 400,
  "weights": [
    "Weight(400)"
  ],
  "path": "/Users/mugisus/Library/Application Support/FontCluster/Generated/019bf61b-37d4-70a1-ace5-b4aaded78fab/google_fonts/Changa_One_Weight400.ttf",
  "font_index": 0,
  "computed": {
    "vector": [
      1.5958481,
      1.9422735
    ],
    "k": 4
  }
}