{
  "safe_name": "400_Sacramento",
  "font_name": "Sacramento",
  "family_name": "Sacramento",
  "family_names": {
    "1033": "Sacramento"
  },
  "preferred_family_names": {},
  "publishers": {},
  "designers": {},
  "weight": 400,
  "weights": [
    "Weight(400)"
  ],
  "path": "/Users/mugisus/Library/Application Support/FontCluster/Generated/019bf61b-37d4-70a1-ace5-b4aaded78fab/google_fonts/Sacramento_Weight400.ttf",
  "font_index": 0,
  "computed": {
    "vector": [
      5.987672,
      -0.38265926
    ],
    "k": 0
  }
}