{
  "safe_name": "400_Noto_Sans_Devanagari",
  "font_name": "Noto Sans Devanagari Regular",
  "family_name": "Noto Sans Devanagari",
  "family_names": {
    "1033": "Noto Sans Devanagari"
  },
  "preferred_family_names": {},
  "publishers": {},
  "designers": {},
  "weight": 400,
  "weights": [
    "Weight(400)"
  ],
  "path": "/Users/mugisus/Library/Application Support/FontCluster/Generated/019bf61b-37d4-70a1-ace5-b4aaded78fab/google_fonts/Noto_Sans_Devanagari_Weight400.ttf",
  "font_index": 0,
  "computed": {
    "vector": [
      -4.052186,
      -2.3929665
    ],
    "k": -1
  }
}