{
  "safe_name": "400_Andada_Pro",
  "font_name": "Andada Pro Regular",
  "family_name": "Andada Pro",
  "family_names": {
    "1033": "Andada Pro"
  },
  "preferred_family_names": {},
  "publishers": {},
  "designers": {},
  "weight": 400,
  "weights": [
    "Weight(400)"
  ],
  "path": "/Users/mugisus/Library/Application Support/FontCluster/Generated/019bf61b-37d4-70a1-ace5-b4aaded78fab/google_fonts/Andada_Pro_Weight400.ttf",
  "font_index": 0,
  "computed": {
    "vector": [
      0.6060426,
      -1.4991152
    ],
    "k": 5
  }
}