{
  "safe_name": "400_Noticia_Text",
  "font_name": "Noticia Text",
  "family_name": "Noticia Text",
  "family_names": {
    "1033": "Noticia Text"
  },
  "preferred_family_names": {},
  "publishers": {},
  "designers": {},
  "weight": 400,
  "weights": [
    "Weight(400)"
  ],
  "path": "/Users/mugisus/Library/Application Support/FontCluster/Generated/019bf61b-37d4-70a1-ace5-b4aaded78fab/google_fonts/Noticia_Text_Weight400.ttf",
  "font_index": 0,
  "computed": {
    "vector": [
      -0.2971442,
      -1.6714166
    ],
    "k": 5
  }
}