{
  "safe_name": "400_Google_Sans",
  "font_name": "Google Sans Regular",
  "family_name": "Google Sans",
  "family_names": {
    "1033": "Google Sans"
  },
  "preferred_family_names": {},
  "publishers": {},
  "designers": {},
  "weight": 400,
  "weights": [
    "Weight(400)"
  ],
  "path": "/Users/mugisus/Library/Application Support/FontCluster/Generated/019bf61b-37d4-70a1-ace5-b4aaded78fab/google_fonts/Google_Sans_Weight400.ttf",
  "font_index": 0,
  "computed": {
    "vector": [
      -4.762271,
      0.6405012
    ],
    "k": 6
  }
}