{
  "safe_name": "400_Source_Code_Pro",
  "font_name": "Source Code Pro Regular",
  "family_name": "Source Code Pro",
  "family_names": {
    "1033": "Source Code Pro"
  },
  "preferred_family_names": {},
  "publishers": {},
  "designers": {},
  "weight": 400,
  "weights": [
    "Weight(400)"
  ],
  "path": "/Users/mugisus/Library/Application Support/FontCluster/Generated/019bf61b-37d4-70a1-ace5-b4aaded78fab/google_fonts/Source_Code_Pro_Weight400.ttf",
  "font_index": 0,
  "computed": {
    "vector": [
      -1.2794529,
      3.6586504
    ],
    "k": 3
  }
}